method,path,file,framework
GET,/,backend-nest/scripts/extract-routes.ts,nest
GET,/content/pages,backend-nest/src/modules/admin/admin-cms.controller.ts,nest
GET,/content/pages/{id},backend-nest/src/modules/admin/admin-cms.controller.ts,nest
POST,/content/pages,backend-nest/src/modules/admin/admin-cms.controller.ts,nest
PUT,/content/pages/{id},backend-nest/src/modules/admin/admin-cms.controller.ts,nest
DELETE,/content/pages/{id},backend-nest/src/modules/admin/admin-cms.controller.ts,nest
POST,/content/strings,backend-nest/src/modules/admin/admin-cms.controller.ts,nest
PUT,/content/strings/{id},backend-nest/src/modules/admin/admin-cms.controller.ts,nest
DELETE,/content/strings/{id},backend-nest/src/modules/admin/admin-cms.controller.ts,nest
POST,/content/home-layouts,backend-nest/src/modules/admin/admin-cms.controller.ts,nest
PUT,/content/home-layouts/{id},backend-nest/src/modules/admin/admin-cms.controller.ts,nest
DELETE,/content/home-layouts/{id},backend-nest/src/modules/admin/admin-cms.controller.ts,nest
DELETE,/wallet/coupons/{id},backend-nest/src/modules/admin/admin-cms.controller.ts,nest
DELETE,/wallet/subscriptions/{id},backend-nest/src/modules/admin/admin-cms.controller.ts,nest
POST,/reports/generate,backend-nest/src/modules/admin/admin-cms.controller.ts,nest
POST,/reports/export/{id}/{format},backend-nest/src/modules/admin/admin-cms.controller.ts,nest
GET,/reports/realtime,backend-nest/src/modules/admin/admin-cms.controller.ts,nest
GET,/wallet/settlements/export,backend-nest/src/modules/admin/admin-cms.controller.ts,nest
GET,/admin/dashboard,backend-nest/src/modules/admin/admin.controller.ts,nest
GET,/admin/stats/today,backend-nest/src/modules/admin/admin.controller.ts,nest
GET,/admin/stats/financial,backend-nest/src/modules/admin/admin.controller.ts,nest
GET,/admin/dashboard/orders-by-status,backend-nest/src/modules/admin/admin.controller.ts,nest
GET,/admin/dashboard/revenue,backend-nest/src/modules/admin/admin.controller.ts,nest
GET,/admin/dashboard/live-metrics,backend-nest/src/modules/admin/admin.controller.ts,nest
GET,/admin/drivers/{id},backend-nest/src/modules/admin/admin.controller.ts,nest
GET,/admin/drivers/{id}/performance,backend-nest/src/modules/admin/admin.controller.ts,nest
DELETE,/admin/drivers/{id},backend-nest/src/modules/admin/admin.controller.ts,nest
GET,/admin/drivers/{id}/financials,backend-nest/src/modules/admin/admin.controller.ts,nest
POST,/admin/drivers/{id}/ban,backend-nest/src/modules/admin/admin.controller.ts,nest
POST,/admin/drivers/{id}/unban,backend-nest/src/modules/admin/admin.controller.ts,nest
PATCH,/admin/drivers/{id}/adjust-balance,backend-nest/src/modules/admin/admin.controller.ts,nest
GET,/admin/vendors/pending,backend-nest/src/modules/admin/admin.controller.ts,nest
POST,/admin/vendors/{id}/approve,backend-nest/src/modules/admin/admin.controller.ts,nest
POST,/admin/vendors/{id}/reject,backend-nest/src/modules/admin/admin.controller.ts,nest
POST,/admin/vendors/{id}/suspend,backend-nest/src/modules/admin/admin.controller.ts,nest
GET,/admin/users/{id},backend-nest/src/modules/admin/admin.controller.ts,nest
POST,/admin/users/{id}/ban,backend-nest/src/modules/admin/admin.controller.ts,nest
POST,/admin/users/{id}/unban,backend-nest/src/modules/admin/admin.controller.ts,nest
GET,/admin/reports/daily,backend-nest/src/modules/admin/admin.controller.ts,nest
POST,/admin/reports/export/{type}/{format},backend-nest/src/modules/admin/admin.controller.ts,nest
GET,/admin/drivers/{id}/attendance,backend-nest/src/modules/admin/admin.controller.ts,nest
GET,/admin/drivers/attendance/summary,backend-nest/src/modules/admin/admin.controller.ts,nest
POST,/admin/drivers/{id}/attendance/adjust,backend-nest/src/modules/admin/admin.controller.ts,nest
DELETE,/admin/drivers/shifts/{id},backend-nest/src/modules/admin/admin.controller.ts,nest
DELETE,/admin/drivers/assets/{id},backend-nest/src/modules/admin/admin.controller.ts,nest
GET,/admin/drivers/leave-requests,backend-nest/src/modules/admin/admin.controller.ts,nest
PATCH,/admin/drivers/leave-requests/{id}/approve,backend-nest/src/modules/admin/admin.controller.ts,nest
PATCH,/admin/drivers/leave-requests/{id}/reject,backend-nest/src/modules/admin/admin.controller.ts,nest
DELETE,/admin/drivers/leave-requests/{id},backend-nest/src/modules/admin/admin.controller.ts,nest
GET,/admin/drivers/{id}/leave-balance,backend-nest/src/modules/admin/admin.controller.ts,nest
PATCH,/admin/drivers/{id}/leave-balance/adjust,backend-nest/src/modules/admin/admin.controller.ts,nest
GET,/admin/quality/metrics,backend-nest/src/modules/admin/admin.controller.ts,nest
GET,/admin/settings,backend-nest/src/modules/admin/admin.controller.ts,nest
PATCH,/admin/settings,backend-nest/src/modules/admin/admin.controller.ts,nest
GET,/admin/settings/feature-flags,backend-nest/src/modules/admin/admin.controller.ts,nest
PATCH,/admin/settings/feature-flags/{flag},backend-nest/src/modules/admin/admin.controller.ts,nest
POST,/admin/backup/create,backend-nest/src/modules/admin/admin.controller.ts,nest
GET,/admin/backup/list,backend-nest/src/modules/admin/admin.controller.ts,nest
POST,/admin/backup/{id}/restore,backend-nest/src/modules/admin/admin.controller.ts,nest
GET,/admin/backup/{id}/download,backend-nest/src/modules/admin/admin.controller.ts,nest
GET,/admin/data-deletion/requests,backend-nest/src/modules/admin/admin.controller.ts,nest
PATCH,/admin/data-deletion/{id}/approve,backend-nest/src/modules/admin/admin.controller.ts,nest
PATCH,/admin/data-deletion/{id}/reject,backend-nest/src/modules/admin/admin.controller.ts,nest
GET,/admin/security/password-attempts,backend-nest/src/modules/admin/admin.controller.ts,nest
POST,/admin/security/reset-password/{userId},backend-nest/src/modules/admin/admin.controller.ts,nest
POST,/admin/security/unlock-account/{userId},backend-nest/src/modules/admin/admin.controller.ts,nest
GET,/admin/marketers,backend-nest/src/modules/admin/admin.controller.ts,nest
GET,/admin/marketers/{id},backend-nest/src/modules/admin/admin.controller.ts,nest
POST,/admin/marketers,backend-nest/src/modules/admin/admin.controller.ts,nest
PATCH,/admin/marketers/{id},backend-nest/src/modules/admin/admin.controller.ts,nest
GET,/admin/marketers/{id}/performance,backend-nest/src/modules/admin/admin.controller.ts,nest
GET,/admin/marketers/{id}/stores,backend-nest/src/modules/admin/admin.controller.ts,nest
POST,/admin/marketers/{id}/activate,backend-nest/src/modules/admin/admin.controller.ts,nest
POST,/admin/marketers/{id}/deactivate,backend-nest/src/modules/admin/admin.controller.ts,nest
GET,/admin/marketers/statistics,backend-nest/src/modules/admin/admin.controller.ts,nest
GET,/admin/marketers/export,backend-nest/src/modules/admin/admin.controller.ts,nest
GET,/admin/audit-logs,backend-nest/src/modules/admin/admin.controller.ts,nest
GET,/admin/audit-logs/{id},backend-nest/src/modules/admin/admin.controller.ts,nest
GET,/admin/system/health,backend-nest/src/modules/admin/admin.controller.ts,nest
GET,/admin/system/metrics,backend-nest/src/modules/admin/admin.controller.ts,nest
GET,/admin/database/stats,backend-nest/src/modules/admin/admin.controller.ts,nest
GET,/admin/orders/stats/by-city,backend-nest/src/modules/admin/admin.controller.ts,nest
GET,/admin/orders/stats/by-payment-method,backend-nest/src/modules/admin/admin.controller.ts,nest
GET,/admin/drivers/stats/by-status,backend-nest/src/modules/admin/admin.controller.ts,nest
GET,/admin/users/{id}/orders-history,backend-nest/src/modules/admin/admin.controller.ts,nest
POST,/admin/cache/clear,backend-nest/src/modules/admin/admin.controller.ts,nest
GET,/admin/cache/stats,backend-nest/src/modules/admin/admin.controller.ts,nest
GET,/admin/roles,backend-nest/src/modules/admin/admin.controller.ts,nest
POST,/admin/roles,backend-nest/src/modules/admin/admin.controller.ts,nest
PATCH,/admin/roles/{id},backend-nest/src/modules/admin/admin.controller.ts,nest
GET,/admin/roles/{id},backend-nest/src/modules/admin/admin.controller.ts,nest
DELETE,/admin/roles/{id},backend-nest/src/modules/admin/admin.controller.ts,nest
PATCH,/{id}/status,backend-nest/src/modules/admin/amani.admin.controller.ts,nest
DELETE,/{id},backend-nest/src/modules/admin/amani.admin.controller.ts,nest
GET,/{id},backend-nest/src/modules/admin/arabon.admin.controller.ts,nest
GET,/stats/overview,backend-nest/src/modules/admin/kawader.admin.controller.ts,nest
POST,/errands/calculate-fee,backend-nest/src/modules/akhdimni/akhdimni.controller.ts,nest
POST,/errands,backend-nest/src/modules/akhdimni/akhdimni.controller.ts,nest
GET,/my-errands,backend-nest/src/modules/akhdimni/akhdimni.controller.ts,nest
GET,/errands/{id},backend-nest/src/modules/akhdimni/akhdimni.controller.ts,nest
PATCH,/errands/{id}/cancel,backend-nest/src/modules/akhdimni/akhdimni.controller.ts,nest
POST,/errands/{id}/rate,backend-nest/src/modules/akhdimni/akhdimni.controller.ts,nest
GET,/driver/my-errands,backend-nest/src/modules/akhdimni/akhdimni.controller.ts,nest
PATCH,/errands/{id}/status,backend-nest/src/modules/akhdimni/akhdimni.controller.ts,nest
GET,/admin/errands,backend-nest/src/modules/akhdimni/akhdimni.controller.ts,nest
POST,/admin/errands/{id}/assign-driver,backend-nest/src/modules/akhdimni/akhdimni.controller.ts,nest
GET,/amani/{id},backend-nest/src/modules/amani/amani.controller.ts,nest
PATCH,/amani/{id},backend-nest/src/modules/amani/amani.controller.ts,nest
DELETE,/amani/{id},backend-nest/src/modules/amani/amani.controller.ts,nest
GET,/analytics/roas/daily,backend-nest/src/modules/analytics/analytics.controller.ts,nest
GET,/analytics/roas/summary,backend-nest/src/modules/analytics/analytics.controller.ts,nest
GET,/analytics/roas/by-platform,backend-nest/src/modules/analytics/analytics.controller.ts,nest
POST,/analytics/roas/calculate,backend-nest/src/modules/analytics/analytics.controller.ts,nest
POST,/analytics/adspend,backend-nest/src/modules/analytics/analytics.controller.ts,nest
GET,/analytics/adspend,backend-nest/src/modules/analytics/analytics.controller.ts,nest
GET,/analytics/adspend/summary,backend-nest/src/modules/analytics/analytics.controller.ts,nest
GET,/analytics/kpis,backend-nest/src/modules/analytics/analytics.controller.ts,nest
GET,/analytics/kpis/real-time,backend-nest/src/modules/analytics/analytics.controller.ts,nest
GET,/analytics/kpis/trends,backend-nest/src/modules/analytics/analytics.controller.ts,nest
POST,/analytics/events/track,backend-nest/src/modules/analytics/analytics.controller.ts,nest
GET,/analytics/events,backend-nest/src/modules/analytics/analytics.controller.ts,nest
GET,/analytics/events/summary,backend-nest/src/modules/analytics/analytics.controller.ts,nest
GET,/analytics/funnel/conversion,backend-nest/src/modules/analytics/analytics.controller.ts,nest
GET,/analytics/funnel/drop-off,backend-nest/src/modules/analytics/analytics.controller.ts,nest
GET,/analytics/users/growth,backend-nest/src/modules/analytics/analytics.controller.ts,nest
GET,/analytics/users/retention,backend-nest/src/modules/analytics/analytics.controller.ts,nest
GET,/analytics/users/cohort,backend-nest/src/modules/analytics/analytics.controller.ts,nest
GET,/analytics/revenue/forecast,backend-nest/src/modules/analytics/analytics.controller.ts,nest
GET,/analytics/revenue/breakdown,backend-nest/src/modules/analytics/analytics.controller.ts,nest
GET,/analytics/advanced/dashboard-overview,backend-nest/src/modules/analytics/analytics.controller.ts,nest
GET,/analytics/advanced/cohort-analysis-advanced,backend-nest/src/modules/analytics/analytics.controller.ts,nest
GET,/analytics/advanced/funnel-analysis,backend-nest/src/modules/analytics/analytics.controller.ts,nest
GET,/analytics/advanced/retention,backend-nest/src/modules/analytics/analytics.controller.ts,nest
GET,/analytics/advanced/ltv,backend-nest/src/modules/analytics/analytics.controller.ts,nest
GET,/analytics/advanced/churn-rate,backend-nest/src/modules/analytics/analytics.controller.ts,nest
GET,/analytics/advanced/geographic-distribution,backend-nest/src/modules/analytics/analytics.controller.ts,nest
GET,/analytics/advanced/peak-hours,backend-nest/src/modules/analytics/analytics.controller.ts,nest
GET,/analytics/advanced/product-performance,backend-nest/src/modules/analytics/analytics.controller.ts,nest
GET,/analytics/advanced/driver-performance,backend-nest/src/modules/analytics/analytics.controller.ts,nest
GET,/arabon/{id},backend-nest/src/modules/arabon/arabon.controller.ts,nest
PATCH,/arabon/{id},backend-nest/src/modules/arabon/arabon.controller.ts,nest
DELETE,/arabon/{id},backend-nest/src/modules/arabon/arabon.controller.ts,nest
POST,/firebase/login,backend-nest/src/modules/auth/auth.controller.ts,nest
POST,/consent,backend-nest/src/modules/auth/auth.controller.ts,nest
POST,/consent/bulk,backend-nest/src/modules/auth/auth.controller.ts,nest
DELETE,/consent/{type},backend-nest/src/modules/auth/auth.controller.ts,nest
GET,/consent/history,backend-nest/src/modules/auth/auth.controller.ts,nest
GET,/consent/summary,backend-nest/src/modules/auth/auth.controller.ts,nest
GET,/consent/check/{type},backend-nest/src/modules/auth/auth.controller.ts,nest
POST,/forgot,backend-nest/src/modules/auth/auth.controller.ts,nest
POST,/reset/verify,backend-nest/src/modules/auth/auth.controller.ts,nest
POST,/reset,backend-nest/src/modules/auth/auth.controller.ts,nest
POST,/verify-otp,backend-nest/src/modules/auth/auth.controller.ts,nest
GET,/user/{userId},backend-nest/src/modules/cart/cart.controller.ts,nest
GET,/{cartId},backend-nest/src/modules/cart/cart.controller.ts,nest
POST,/items,backend-nest/src/modules/cart/cart.controller.ts,nest
POST,/add,backend-nest/src/modules/cart/cart.controller.ts,nest
PATCH,/items/{productId},backend-nest/src/modules/cart/cart.controller.ts,nest
PATCH,/{productId},backend-nest/src/modules/cart/cart.controller.ts,nest
DELETE,/items/{productId},backend-nest/src/modules/cart/cart.controller.ts,nest
DELETE,/{productId},backend-nest/src/modules/cart/cart.controller.ts,nest
DELETE,/,backend-nest/src/modules/cart/cart.controller.ts,nest
PATCH,/note,backend-nest/src/modules/cart/cart.controller.ts,nest
PATCH,/delivery-address,backend-nest/src/modules/cart/cart.controller.ts,nest
GET,/count,backend-nest/src/modules/cart/cart.controller.ts,nest
GET,/fee,backend-nest/src/modules/cart/cart.controller.ts,nest
POST,/merge,backend-nest/src/modules/cart/cart.controller.ts,nest
GET,/shein,backend-nest/src/modules/cart/cart.controller.ts,nest
POST,/shein/items,backend-nest/src/modules/cart/cart.controller.ts,nest
PATCH,/shein/items/{sheinProductId},backend-nest/src/modules/cart/cart.controller.ts,nest
DELETE,/shein/items/{sheinProductId},backend-nest/src/modules/cart/cart.controller.ts,nest
DELETE,/shein,backend-nest/src/modules/cart/cart.controller.ts,nest
PATCH,/shein/shipping,backend-nest/src/modules/cart/cart.controller.ts,nest
PATCH,/shein/note,backend-nest/src/modules/cart/cart.controller.ts,nest
GET,/combined,backend-nest/src/modules/cart/cart.controller.ts,nest
DELETE,/combined/clear-all,backend-nest/src/modules/cart/cart.controller.ts,nest
GET,/abandoned,backend-nest/src/modules/cart/cart.controller.ts,nest
DELETE,/{cartId}/items/{productId},backend-nest/src/modules/cart/cart.controller.ts,nest
POST,/{cartId}/retarget/push,backend-nest/src/modules/cart/cart.controller.ts,nest
GET,/content/stores/{storeId}/sections,backend-nest/src/modules/content/content.controller.ts,nest
POST,/content/sections,backend-nest/src/modules/content/content.controller.ts,nest
PATCH,/content/sections/{id},backend-nest/src/modules/content/content.controller.ts,nest
DELETE,/content/sections/{id},backend-nest/src/modules/content/content.controller.ts,nest
GET,/content/subscription-plans,backend-nest/src/modules/content/content.controller.ts,nest
POST,/content/subscription-plans,backend-nest/src/modules/content/content.controller.ts,nest
POST,/content/subscribe,backend-nest/src/modules/content/content.controller.ts,nest
GET,/content/my-subscription,backend-nest/src/modules/content/content.controller.ts,nest
PATCH,/content/my-subscription/cancel,backend-nest/src/modules/content/content.controller.ts,nest
GET,/content/pages/{slug},backend-nest/src/modules/content/content.controller.ts,nest
GET,/content/app-settings,backend-nest/src/modules/content/content.controller.ts,nest
PATCH,/content/admin/app-settings,backend-nest/src/modules/content/content.controller.ts,nest
GET,/content/faqs,backend-nest/src/modules/content/content.controller.ts,nest
POST,/content/admin/faqs,backend-nest/src/modules/content/content.controller.ts,nest
PATCH,/content/admin/faqs/{id},backend-nest/src/modules/content/content.controller.ts,nest
DELETE,/content/admin/faqs/{id},backend-nest/src/modules/content/content.controller.ts,nest
POST,/drivers,backend-nest/src/modules/driver/driver.controller.ts,nest
GET,/drivers/available,backend-nest/src/modules/driver/driver.controller.ts,nest
GET,/drivers/{id},backend-nest/src/modules/driver/driver.controller.ts,nest
GET,/drivers/earnings/daily,backend-nest/src/modules/driver/driver.controller.ts,nest
GET,/drivers/earnings/weekly,backend-nest/src/modules/driver/driver.controller.ts,nest
GET,/drivers/{driverId}/documents,backend-nest/src/modules/driver/driver.controller.ts,nest
POST,/drivers/{driverId}/documents/{docId}/verify,backend-nest/src/modules/driver/driver.controller.ts,nest
GET,/drivers/vacations/my,backend-nest/src/modules/driver/driver.controller.ts,nest
PATCH,/drivers/vacations/{id}/cancel,backend-nest/src/modules/driver/driver.controller.ts,nest
GET,/drivers/vacations/policy,backend-nest/src/modules/driver/driver.controller.ts,nest
POST,/drivers/orders/{id}/accept,backend-nest/src/modules/driver/driver.controller.ts,nest
POST,/drivers/orders/{id}/reject,backend-nest/src/modules/driver/driver.controller.ts,nest
POST,/drivers/orders/{id}/start-delivery,backend-nest/src/modules/driver/driver.controller.ts,nest
POST,/drivers/orders/{id}/complete,backend-nest/src/modules/driver/driver.controller.ts,nest
GET,/drivers/orders/history,backend-nest/src/modules/driver/driver.controller.ts,nest
POST,/employees,backend-nest/src/modules/er/er.controller.ts,nest
GET,/employees,backend-nest/src/modules/er/er.controller.ts,nest
GET,/employees/{id},backend-nest/src/modules/er/er.controller.ts,nest
PATCH,/employees/{id},backend-nest/src/modules/er/er.controller.ts,nest
DELETE,/employees/{id},backend-nest/src/modules/er/er.controller.ts,nest
POST,/attendance/check-in,backend-nest/src/modules/er/er.controller.ts,nest
POST,/attendance/check-out,backend-nest/src/modules/er/er.controller.ts,nest
GET,/attendance/{employeeId},backend-nest/src/modules/er/er.controller.ts,nest
POST,/leave-requests,backend-nest/src/modules/er/er.controller.ts,nest
PATCH,/leave-requests/{id}/approve,backend-nest/src/modules/er/er.controller.ts,nest
PATCH,/leave-requests/{id}/reject,backend-nest/src/modules/er/er.controller.ts,nest
POST,/payroll/generate,backend-nest/src/modules/er/er.controller.ts,nest
PATCH,/payroll/{id}/approve,backend-nest/src/modules/er/er.controller.ts,nest
PATCH,/payroll/{id}/mark-paid,backend-nest/src/modules/er/er.controller.ts,nest
POST,/accounts,backend-nest/src/modules/er/er.controller.ts,nest
GET,/accounts/{id},backend-nest/src/modules/er/er.controller.ts,nest
PATCH,/journal-entries/{id}/post,backend-nest/src/modules/er/er.controller.ts,nest
DELETE,/assets/{id},backend-nest/src/modules/er/er.controller.ts,nest
DELETE,/accounts/chart/{id},backend-nest/src/modules/er/er.controller.ts,nest
DELETE,/documents/{id},backend-nest/src/modules/er/er.controller.ts,nest
GET,/documents/{id}/download,backend-nest/src/modules/er/er.controller.ts,nest
DELETE,/documents/bulk,backend-nest/src/modules/er/er.controller.ts,nest
GET,/documents/export,backend-nest/src/modules/er/er.controller.ts,nest
DELETE,/payroll/{id},backend-nest/src/modules/er/er.controller.ts,nest
GET,/es3afni/{id},backend-nest/src/modules/es3afni/es3afni.controller.ts,nest
PATCH,/es3afni/{id},backend-nest/src/modules/es3afni/es3afni.controller.ts,nest
DELETE,/es3afni/{id},backend-nest/src/modules/es3afni/es3afni.controller.ts,nest
POST,/finance/commissions,backend-nest/src/modules/finance/finance.controller.ts,nest
GET,/finance/commissions/my,backend-nest/src/modules/finance/finance.controller.ts,nest
GET,/finance/commissions/stats/my,backend-nest/src/modules/finance/finance.controller.ts,nest
PATCH,/finance/commissions/{id}/approve,backend-nest/src/modules/finance/finance.controller.ts,nest
PATCH,/finance/commissions/{id}/cancel,backend-nest/src/modules/finance/finance.controller.ts,nest
POST,/finance/payouts/batches,backend-nest/src/modules/finance/finance.controller.ts,nest
GET,/finance/payouts/batches,backend-nest/src/modules/finance/finance.controller.ts,nest
GET,/finance/payouts/batches/{id},backend-nest/src/modules/finance/finance.controller.ts,nest
GET,/finance/payouts/batches/{id}/items,backend-nest/src/modules/finance/finance.controller.ts,nest
PATCH,/finance/payouts/batches/{id}/approve,backend-nest/src/modules/finance/finance.controller.ts,nest
PATCH,/finance/payouts/batches/{id}/complete,backend-nest/src/modules/finance/finance.controller.ts,nest
POST,/finance/settlements,backend-nest/src/modules/finance/finance.controller.ts,nest
GET,/finance/settlements/entity/{entityId},backend-nest/src/modules/finance/finance.controller.ts,nest
GET,/finance/settlements/{id},backend-nest/src/modules/finance/finance.controller.ts,nest
PATCH,/finance/settlements/{id}/approve,backend-nest/src/modules/finance/finance.controller.ts,nest
POST,/finance/coupons,backend-nest/src/modules/finance/finance.controller.ts,nest
POST,/finance/coupons/validate,backend-nest/src/modules/finance/finance.controller.ts,nest
GET,/finance/coupons,backend-nest/src/modules/finance/finance.controller.ts,nest
PATCH,/finance/coupons/{id},backend-nest/src/modules/finance/finance.controller.ts,nest
POST,/finance/reconciliations,backend-nest/src/modules/finance/finance.controller.ts,nest
GET,/finance/reconciliations,backend-nest/src/modules/finance/finance.controller.ts,nest
GET,/finance/reconciliations/{id},backend-nest/src/modules/finance/finance.controller.ts,nest
PATCH,/finance/reconciliations/{id}/actual-totals,backend-nest/src/modules/finance/finance.controller.ts,nest
POST,/finance/reconciliations/{id}/issues,backend-nest/src/modules/finance/finance.controller.ts,nest
PATCH,/finance/reconciliations/{id}/issues/{issueIndex}/resolve,backend-nest/src/modules/finance/finance.controller.ts,nest
POST,/finance/reports/daily,backend-nest/src/modules/finance/finance.controller.ts,nest
GET,/finance/reports/daily/{date},backend-nest/src/modules/finance/finance.controller.ts,nest
GET,/finance/reports,backend-nest/src/modules/finance/finance.controller.ts,nest
PATCH,/finance/reports/{id}/finalize,backend-nest/src/modules/finance/finance.controller.ts,nest
GET,/finance/commission-plans,backend-nest/src/modules/finance/finance.controller.ts,nest
POST,/finance/commission-plans,backend-nest/src/modules/finance/finance.controller.ts,nest
PATCH,/finance/commission-plans/{id},backend-nest/src/modules/finance/finance.controller.ts,nest
POST,/api/v2/finance/settlement/trigger/{date}?,backend-nest/src/modules/finance/settlement.controller.ts,nest
POST,/api/v2/finance/settlement/retry/{date},backend-nest/src/modules/finance/settlement.controller.ts,nest
GET,/api/v2/finance/settlement/history,backend-nest/src/modules/finance/settlement.controller.ts,nest
GET,/api/v2/finance/settlement/{date},backend-nest/src/modules/finance/settlement.controller.ts,nest
GET,/api/v2/finance/settlement/stats/summary,backend-nest/src/modules/finance/settlement.controller.ts,nest
GET,/health,backend-nest/src/modules/health/health.controller.ts,nest
GET,/health/liveness,backend-nest/src/modules/health/health.controller.ts,nest
GET,/health/readiness,backend-nest/src/modules/health/health.controller.ts,nest
GET,/health/advanced,backend-nest/src/modules/health/health.controller.ts,nest
GET,/health/startup,backend-nest/src/modules/health/health.controller.ts,nest
GET,/health/detailed,backend-nest/src/modules/health/health.controller.ts,nest
GET,/health/metrics,backend-nest/src/modules/health/health.controller.ts,nest
GET,/health/info,backend-nest/src/modules/health/health.controller.ts,nest
GET,/kawader/{id},backend-nest/src/modules/kawader/kawader.controller.ts,nest
PATCH,/kawader/{id},backend-nest/src/modules/kawader/kawader.controller.ts,nest
DELETE,/kawader/{id},backend-nest/src/modules/kawader/kawader.controller.ts,nest
GET,/kenz/{id},backend-nest/src/modules/kenz/kenz.controller.ts,nest
PATCH,/kenz/{id},backend-nest/src/modules/kenz/kenz.controller.ts,nest
DELETE,/kenz/{id},backend-nest/src/modules/kenz/kenz.controller.ts,nest
GET,/legal/privacy-policy,backend-nest/src/modules/legal/legal.controller.ts,nest
GET,/legal/terms-of-service,backend-nest/src/modules/legal/legal.controller.ts,nest
GET,/legal/admin/privacy-policies,backend-nest/src/modules/legal/legal.controller.ts,nest
POST,/legal/admin/privacy-policy,backend-nest/src/modules/legal/legal.controller.ts,nest
PATCH,/legal/admin/privacy-policy/{id}/activate,backend-nest/src/modules/legal/legal.controller.ts,nest
GET,/legal/admin/terms-of-service,backend-nest/src/modules/legal/legal.controller.ts,nest
POST,/legal/admin/terms-of-service,backend-nest/src/modules/legal/legal.controller.ts,nest
PATCH,/legal/admin/terms-of-service/{id}/activate,backend-nest/src/modules/legal/legal.controller.ts,nest
GET,/legal/admin/consent/statistics,backend-nest/src/modules/legal/legal.controller.ts,nest
GET,/maarouf/{id},backend-nest/src/modules/maarouf/maarouf.controller.ts,nest
PATCH,/maarouf/{id},backend-nest/src/modules/maarouf/maarouf.controller.ts,nest
DELETE,/maarouf/{id},backend-nest/src/modules/maarouf/maarouf.controller.ts,nest
GET,/marketer/profile,backend-nest/src/modules/marketer/marketer.controller.ts,nest
PATCH,/marketer/profile,backend-nest/src/modules/marketer/marketer.controller.ts,nest
GET,/marketer/referrals/my,backend-nest/src/modules/marketer/marketer.controller.ts,nest
GET,/marketer/stores/my,backend-nest/src/modules/marketer/marketer.controller.ts,nest
GET,/marketer/stores/{id},backend-nest/src/modules/marketer/marketer.controller.ts,nest
GET,/marketer/stores/{id}/performance,backend-nest/src/modules/marketer/marketer.controller.ts,nest
GET,/marketer/vendors/my,backend-nest/src/modules/marketer/marketer.controller.ts,nest
GET,/marketer/vendors/{id},backend-nest/src/modules/marketer/marketer.controller.ts,nest
GET,/marketer/commissions/statistics,backend-nest/src/modules/marketer/marketer.controller.ts,nest
GET,/marketer/commissions/pending,backend-nest/src/modules/marketer/marketer.controller.ts,nest
GET,/marketer/overview,backend-nest/src/modules/marketer/marketer.controller.ts,nest
GET,/marketer/statistics/today,backend-nest/src/modules/marketer/marketer.controller.ts,nest
GET,/marketer/statistics/month,backend-nest/src/modules/marketer/marketer.controller.ts,nest
GET,/marketer/earnings,backend-nest/src/modules/marketer/marketer.controller.ts,nest
GET,/marketer/earnings/breakdown,backend-nest/src/modules/marketer/marketer.controller.ts,nest
POST,/marketer/files/upload,backend-nest/src/modules/marketer/marketer.controller.ts,nest
GET,/marketer/files,backend-nest/src/modules/marketer/marketer.controller.ts,nest
GET,/marketer/notifications,backend-nest/src/modules/marketer/marketer.controller.ts,nest
PATCH,/marketer/notifications/{id}/read,backend-nest/src/modules/marketer/marketer.controller.ts,nest
GET,/marketer/territory/stats,backend-nest/src/modules/marketer/marketer.controller.ts,nest
POST,/merchants,backend-nest/src/modules/merchant/merchant.controller.ts,nest
GET,/merchants,backend-nest/src/modules/merchant/merchant.controller.ts,nest
GET,/merchants/{id},backend-nest/src/modules/merchant/merchant.controller.ts,nest
PATCH,/merchants/{id},backend-nest/src/modules/merchant/merchant.controller.ts,nest
DELETE,/merchants/{id},backend-nest/src/modules/merchant/merchant.controller.ts,nest
POST,/merchants/catalog/products,backend-nest/src/modules/merchant/merchant.controller.ts,nest
GET,/merchants/catalog/products,backend-nest/src/modules/merchant/merchant.controller.ts,nest
GET,/merchants/catalog/products/{id},backend-nest/src/modules/merchant/merchant.controller.ts,nest
PATCH,/merchants/catalog/products/{id},backend-nest/src/modules/merchant/merchant.controller.ts,nest
GET,/merchants/products,backend-nest/src/modules/merchant/merchant.controller.ts,nest
POST,/merchants/products,backend-nest/src/modules/merchant/merchant.controller.ts,nest
GET,/merchants/products/{id},backend-nest/src/modules/merchant/merchant.controller.ts,nest
GET,/merchants/{merchantId}/products,backend-nest/src/modules/merchant/merchant.controller.ts,nest
GET,/merchants/stores/{storeId}/products,backend-nest/src/modules/merchant/merchant.controller.ts,nest
PATCH,/merchants/products/{id},backend-nest/src/modules/merchant/merchant.controller.ts,nest
PATCH,/merchants/products/{id}/stock,backend-nest/src/modules/merchant/merchant.controller.ts,nest
DELETE,/merchants/products/{id},backend-nest/src/modules/merchant/merchant.controller.ts,nest
POST,/merchants/categories,backend-nest/src/modules/merchant/merchant.controller.ts,nest
GET,/merchants/categories,backend-nest/src/modules/merchant/merchant.controller.ts,nest
PATCH,/merchants/categories/{id},backend-nest/src/modules/merchant/merchant.controller.ts,nest
DELETE,/merchants/categories/{id},backend-nest/src/modules/merchant/merchant.controller.ts,nest
POST,/merchants/attributes,backend-nest/src/modules/merchant/merchant.controller.ts,nest
GET,/merchants/attributes,backend-nest/src/modules/merchant/merchant.controller.ts,nest
PATCH,/merchants/attributes/{id},backend-nest/src/modules/merchant/merchant.controller.ts,nest
DELETE,/merchants/attributes/{id},backend-nest/src/modules/merchant/merchant.controller.ts,nest
GET,/metrics,backend-nest/src/modules/metrics/metrics.controller.ts,nest
GET,/metrics/json,backend-nest/src/modules/metrics/metrics.controller.ts,nest
GET,/dlq/stats,backend-nest/src/modules/notification/dlq.controller.ts,nest
POST,/dlq/{queueName}/retry,backend-nest/src/modules/notification/dlq.controller.ts,nest
POST,/dlq/cleanup,backend-nest/src/modules/notification/dlq.controller.ts,nest
POST,/dlq/{queueName}/cleanup,backend-nest/src/modules/notification/dlq.controller.ts,nest
POST,/notifications,backend-nest/src/modules/notification/notification.controller.ts,nest
POST,/notifications/{id}/read,backend-nest/src/modules/notification/notification.controller.ts,nest
DELETE,/notifications/{id},backend-nest/src/modules/notification/notification.controller.ts,nest
GET,/notifications/suppression,backend-nest/src/modules/notification/notification.controller.ts,nest
DELETE,/notifications/suppression/{id},backend-nest/src/modules/notification/notification.controller.ts,nest
DELETE,/notifications/suppression/channel/{channel},backend-nest/src/modules/notification/notification.controller.ts,nest
GET,/notifications/suppression/stats,backend-nest/src/modules/notification/notification.controller.ts,nest
POST,/notifications/send-bulk,backend-nest/src/modules/notification/notification.controller.ts,nest
GET,/notifications/preferences,backend-nest/src/modules/notification/preference.controller.ts,nest
POST,/notifications/preferences/opt-out,backend-nest/src/modules/notification/preference.controller.ts,nest
POST,/notifications/preferences/opt-in,backend-nest/src/modules/notification/preference.controller.ts,nest
POST,/notifications/preferences/unsubscribe/{token},backend-nest/src/modules/notification/preference.controller.ts,nest
POST,/notifications/preferences/reset,backend-nest/src/modules/notification/preference.controller.ts,nest
GET,/notifications/preferences/export,backend-nest/src/modules/notification/preference.controller.ts,nest
POST,/webhooks/{webhookId},backend-nest/src/modules/notification/webhook.controller.ts,nest
GET,/webhooks/deliveries,backend-nest/src/modules/notification/webhook.controller.ts,nest
POST,/webhooks/deliveries/retry,backend-nest/src/modules/notification/webhook.controller.ts,nest
POST,/webhooks/test/{webhookId},backend-nest/src/modules/notification/webhook.controller.ts,nest
POST,/onboarding,backend-nest/src/modules/onboarding/onboarding.controller.ts,nest
GET,/onboarding/my,backend-nest/src/modules/onboarding/onboarding.controller.ts,nest
POST,/onboarding/quick-onboard,backend-nest/src/modules/onboarding/onboarding.controller.ts,nest
GET,/onboarding/applications,backend-nest/src/modules/onboarding/onboarding.controller.ts,nest
GET,/onboarding/{id}/details,backend-nest/src/modules/onboarding/onboarding.controller.ts,nest
PATCH,/onboarding/{id}/approve,backend-nest/src/modules/onboarding/onboarding.controller.ts,nest
PATCH,/onboarding/{id}/reject,backend-nest/src/modules/onboarding/onboarding.controller.ts,nest
GET,/onboarding/statistics,backend-nest/src/modules/onboarding/onboarding.controller.ts,nest
POST,/orders-cqrs,backend-nest/src/modules/order/order-cqrs.controller.ts,nest
PATCH,/orders-cqrs/{id}/status,backend-nest/src/modules/order/order-cqrs.controller.ts,nest
POST,/orders-cqrs/{id}/assign-driver,backend-nest/src/modules/order/order-cqrs.controller.ts,nest
POST,/orders-cqrs/{id}/cancel,backend-nest/src/modules/order/order-cqrs.controller.ts,nest
GET,/orders-cqrs/{id},backend-nest/src/modules/order/order-cqrs.controller.ts,nest
GET,/orders-cqrs,backend-nest/src/modules/order/order-cqrs.controller.ts,nest
POST,/,backend-nest/src/modules/order/order.controller.ts,nest
GET,/my-orders,backend-nest/src/modules/order/order.controller.ts,nest
POST,/{id}/assign-driver,backend-nest/src/modules/order/order.controller.ts,nest
POST,/{id}/notes,backend-nest/src/modules/order/order.controller.ts,nest
GET,/{id}/notes,backend-nest/src/modules/order/order.controller.ts,nest
GET,/vendor/orders,backend-nest/src/modules/order/order.controller.ts,nest
POST,/{id}/vendor-accept,backend-nest/src/modules/order/order.controller.ts,nest
POST,/{id}/vendor-cancel,backend-nest/src/modules/order/order.controller.ts,nest
POST,/{id}/pod,backend-nest/src/modules/order/order.controller.ts,nest
GET,/{id}/pod,backend-nest/src/modules/order/order.controller.ts,nest
POST,/{id}/cancel,backend-nest/src/modules/order/order.controller.ts,nest
POST,/{id}/return,backend-nest/src/modules/order/order.controller.ts,nest
POST,/{id}/rate,backend-nest/src/modules/order/order.controller.ts,nest
POST,/{id}/repeat,backend-nest/src/modules/order/order.controller.ts,nest
PATCH,/{id}/admin-status,backend-nest/src/modules/order/order.controller.ts,nest
GET,/export,backend-nest/src/modules/order/order.controller.ts,nest
GET,/{id}/tracking,backend-nest/src/modules/order/order.controller.ts,nest
POST,/{id}/schedule,backend-nest/src/modules/order/order.controller.ts,nest
GET,/public/{id}/status,backend-nest/src/modules/order/order.controller.ts,nest
GET,/{id}/live-tracking,backend-nest/src/modules/order/order.controller.ts,nest
GET,/{id}/driver-eta,backend-nest/src/modules/order/order.controller.ts,nest
POST,/{id}/update-location,backend-nest/src/modules/order/order.controller.ts,nest
GET,/{id}/route-history,backend-nest/src/modules/order/order.controller.ts,nest
GET,/{id}/delivery-timeline,backend-nest/src/modules/order/order.controller.ts,nest
POST,/api/v2/payments/holds/{holdId}/release,backend-nest/src/modules/payments/payments.controller.ts,nest
POST,/api/v2/payments/holds/{holdId}/refund,backend-nest/src/modules/payments/payments.controller.ts,nest
GET,/api/v2/payments/holds/{holdId},backend-nest/src/modules/payments/payments.controller.ts,nest
GET,/promotions/by-placement,backend-nest/src/modules/promotion/promotion.controller.ts,nest
POST,/promotions/{id}/click,backend-nest/src/modules/promotion/promotion.controller.ts,nest
POST,/promotions/{id}/conversion,backend-nest/src/modules/promotion/promotion.controller.ts,nest
GET,/promotions,backend-nest/src/modules/promotion/promotion.controller.ts,nest
GET,/promotions/{id},backend-nest/src/modules/promotion/promotion.controller.ts,nest
PATCH,/promotions/{id},backend-nest/src/modules/promotion/promotion.controller.ts,nest
DELETE,/promotions/{id},backend-nest/src/modules/promotion/promotion.controller.ts,nest
GET,/by-stores,backend-nest/src/modules/promotion/promotions-by-stores.controller.ts,nest
GET,/api/v2/sanad/{id},backend-nest/src/modules/sanad/sanad.controller.ts,nest
PATCH,/api/v2/sanad/{id},backend-nest/src/modules/sanad/sanad.controller.ts,nest
DELETE,/api/v2/sanad/{id},backend-nest/src/modules/sanad/sanad.controller.ts,nest
GET,/shifts,backend-nest/src/modules/shift/shift.controller.ts,nest
POST,/shifts,backend-nest/src/modules/shift/shift.controller.ts,nest
PATCH,/shifts/{id},backend-nest/src/modules/shift/shift.controller.ts,nest
POST,/shifts/{shiftId}/assign/{driverId},backend-nest/src/modules/shift/shift.controller.ts,nest
GET,/shifts/driver/{driverId},backend-nest/src/modules/shift/shift.controller.ts,nest
GET,/shifts/my-shifts,backend-nest/src/modules/shift/shift.controller.ts,nest
GET,/search,backend-nest/src/modules/store/delivery-store.controller.ts,nest
GET,/{id}/products,backend-nest/src/modules/store/delivery-store.controller.ts,nest
GET,/{id}/statistics,backend-nest/src/modules/store/delivery-store.controller.ts,nest
GET,/{id}/reviews,backend-nest/src/modules/store/delivery-store.controller.ts,nest
PUT,/{id},backend-nest/src/modules/store/delivery-store.controller.ts,nest
GET,/catalog,backend-nest/src/modules/store/groceries.controller.ts,nest
POST,/admin/stores,backend-nest/src/modules/store/store.controller.ts,nest
GET,/admin/stores,backend-nest/src/modules/store/store.controller.ts,nest
GET,/admin/stores/{id},backend-nest/src/modules/store/store.controller.ts,nest
POST,/admin/stores/products,backend-nest/src/modules/store/store.controller.ts,nest
GET,/admin/stores/{id}/products,backend-nest/src/modules/store/store.controller.ts,nest
PATCH,/admin/stores/{id},backend-nest/src/modules/store/store.controller.ts,nest
POST,/admin/stores/{id}/activate,backend-nest/src/modules/store/store.controller.ts,nest
POST,/admin/stores/{id}/deactivate,backend-nest/src/modules/store/store.controller.ts,nest
POST,/admin/stores/{id}/force-close,backend-nest/src/modules/store/store.controller.ts,nest
POST,/admin/stores/{id}/force-open,backend-nest/src/modules/store/store.controller.ts,nest
PATCH,/admin/stores/products/{id},backend-nest/src/modules/store/store.controller.ts,nest
GET,/admin/stores/{id}/analytics,backend-nest/src/modules/store/store.controller.ts,nest
GET,/admin/stores/products/{id}/variants,backend-nest/src/modules/store/store.controller.ts,nest
POST,/admin/stores/products/{id}/variants,backend-nest/src/modules/store/store.controller.ts,nest
GET,/admin/stores/{id}/inventory,backend-nest/src/modules/store/store.controller.ts,nest
DELETE,/admin/stores/{id},backend-nest/src/modules/store/store.controller.ts,nest
GET,/admin/stores/pending,backend-nest/src/modules/store/store.controller.ts,nest
POST,/admin/stores/{id}/approve,backend-nest/src/modules/store/store.controller.ts,nest
POST,/admin/stores/{id}/reject,backend-nest/src/modules/store/store.controller.ts,nest
POST,/admin/stores/{id}/suspend,backend-nest/src/modules/store/store.controller.ts,nest
GET,/support/tickets/{id},backend-nest/src/modules/support/support.controller.ts,nest
PATCH,/support/tickets/{id}/messages,backend-nest/src/modules/support/support.controller.ts,nest
PATCH,/support/tickets/{id}/rate,backend-nest/src/modules/support/support.controller.ts,nest
PATCH,/support/admin/tickets/{id}/assign,backend-nest/src/modules/support/support.controller.ts,nest
PATCH,/support/admin/tickets/{id}/resolve,backend-nest/src/modules/support/support.controller.ts,nest
GET,/support/admin/sla-metrics,backend-nest/src/modules/support/support.controller.ts,nest
GET,/profile,backend-nest/src/modules/user/user-compat.controller.ts,nest
GET,/me,backend-nest/src/modules/user/user.controller.ts,nest
PATCH,/me,backend-nest/src/modules/user/user.controller.ts,nest
PATCH,/profile,backend-nest/src/modules/user/user.controller.ts,nest
GET,/addresses,backend-nest/src/modules/user/user.controller.ts,nest
GET,/address,backend-nest/src/modules/user/user.controller.ts,nest
POST,/addresses,backend-nest/src/modules/user/user.controller.ts,nest
POST,/address,backend-nest/src/modules/user/user.controller.ts,nest
PATCH,/addresses/{addressId},backend-nest/src/modules/user/user.controller.ts,nest
DELETE,/addresses/{addressId},backend-nest/src/modules/user/user.controller.ts,nest
POST,/addresses/{addressId}/set-default,backend-nest/src/modules/user/user.controller.ts,nest
PATCH,/address/{id},backend-nest/src/modules/user/user.controller.ts,nest
DELETE,/address/{id},backend-nest/src/modules/user/user.controller.ts,nest
PATCH,/default-address,backend-nest/src/modules/user/user.controller.ts,nest
DELETE,/deactivate,backend-nest/src/modules/user/user.controller.ts,nest
POST,/pin/set,backend-nest/src/modules/user/user.controller.ts,nest
POST,/pin/verify,backend-nest/src/modules/user/user.controller.ts,nest
POST,/pin/change,backend-nest/src/modules/user/user.controller.ts,nest
GET,/pin/status,backend-nest/src/modules/user/user.controller.ts,nest
DELETE,/pin/reset/{userId},backend-nest/src/modules/user/user.controller.ts,nest
GET,/utility/options,backend-nest/src/modules/utility/utility.controller.ts,nest
POST,/utility/calculate-price,backend-nest/src/modules/utility/utility.controller.ts,nest
POST,/utility/pricing,backend-nest/src/modules/utility/utility.controller.ts,nest
GET,/utility/pricing,backend-nest/src/modules/utility/utility.controller.ts,nest
GET,/utility/pricing/{city},backend-nest/src/modules/utility/utility.controller.ts,nest
PATCH,/utility/pricing/{city},backend-nest/src/modules/utility/utility.controller.ts,nest
DELETE,/utility/pricing/{city},backend-nest/src/modules/utility/utility.controller.ts,nest
GET,/utility/daily,backend-nest/src/modules/utility/utility.controller.ts,nest
POST,/utility/daily,backend-nest/src/modules/utility/utility.controller.ts,nest
DELETE,/utility/daily/{id},backend-nest/src/modules/utility/utility.controller.ts,nest
DELETE,/utility/daily,backend-nest/src/modules/utility/utility.controller.ts,nest
GET,/utility/orders,backend-nest/src/modules/utility/utility.controller.ts,nest
GET,/utility/order/{id},backend-nest/src/modules/utility/utility.controller.ts,nest
PATCH,/utility/order/{id}/status,backend-nest/src/modules/utility/utility.controller.ts,nest
PATCH,/utility/order/{id}/cancel,backend-nest/src/modules/utility/utility.controller.ts,nest
POST,/utility/order/{id}/rate,backend-nest/src/modules/utility/utility.controller.ts,nest
POST,/utility/order/{id}/assign-driver,backend-nest/src/modules/utility/utility.controller.ts,nest
GET,/utility/admin/orders,backend-nest/src/modules/utility/utility.controller.ts,nest
POST,/vendors,backend-nest/src/modules/vendor/vendor.controller.ts,nest
GET,/vendors/{id},backend-nest/src/modules/vendor/vendor.controller.ts,nest
PATCH,/vendors/{id},backend-nest/src/modules/vendor/vendor.controller.ts,nest
PATCH,/vendors/{id}/status,backend-nest/src/modules/vendor/vendor.controller.ts,nest
POST,/vendors/{id}/reset-password,backend-nest/src/modules/vendor/vendor.controller.ts,nest
GET,/vendors/sales,backend-nest/src/modules/vendor/vendor.controller.ts,nest
POST,/coupons/apply,backend-nest/src/modules/wallet/v2-wallet.controller.ts,nest
GET,/coupons/my,backend-nest/src/modules/wallet/v2-wallet.controller.ts,nest
GET,/coupons/history,backend-nest/src/modules/wallet/v2-wallet.controller.ts,nest
GET,/subscriptions/my,backend-nest/src/modules/wallet/v2-wallet.controller.ts,nest
GET,/balance,backend-nest/src/modules/wallet/wallet.controller.ts,nest
GET,/transactions,backend-nest/src/modules/wallet/wallet.controller.ts,nest
POST,/transaction,backend-nest/src/modules/wallet/wallet.controller.ts,nest
POST,/hold,backend-nest/src/modules/wallet/wallet.controller.ts,nest
POST,/release,backend-nest/src/modules/wallet/wallet.controller.ts,nest
POST,/refund,backend-nest/src/modules/wallet/wallet.controller.ts,nest
POST,/topup/kuraimi,backend-nest/src/modules/wallet/wallet.controller.ts,nest
POST,/topup/verify,backend-nest/src/modules/wallet/wallet.controller.ts,nest
GET,/topup/history,backend-nest/src/modules/wallet/wallet.controller.ts,nest
GET,/topup/methods,backend-nest/src/modules/wallet/wallet.controller.ts,nest
POST,/withdraw/request,backend-nest/src/modules/wallet/wallet.controller.ts,nest
GET,/withdraw/my,backend-nest/src/modules/wallet/wallet.controller.ts,nest
PATCH,/withdraw/{id}/cancel,backend-nest/src/modules/wallet/wallet.controller.ts,nest
GET,/withdraw/methods,backend-nest/src/modules/wallet/wallet.controller.ts,nest
GET,/admin/withdrawals,backend-nest/src/modules/wallet/wallet.controller.ts,nest
GET,/admin/withdrawals/pending,backend-nest/src/modules/wallet/wallet.controller.ts,nest
PATCH,/admin/withdrawals/{id}/approve,backend-nest/src/modules/wallet/wallet.controller.ts,nest
PATCH,/admin/withdrawals/{id}/reject,backend-nest/src/modules/wallet/wallet.controller.ts,nest
POST,/pay-bill,backend-nest/src/modules/wallet/wallet.controller.ts,nest
GET,/bills,backend-nest/src/modules/wallet/wallet.controller.ts,nest
POST,/transfer,backend-nest/src/modules/wallet/wallet.controller.ts,nest
GET,/transfers,backend-nest/src/modules/wallet/wallet.controller.ts,nest
GET,/transaction/{id},backend-nest/src/modules/wallet/wallet.controller.ts,nest
POST,/refund/request,backend-nest/src/modules/wallet/wallet.controller.ts,nest
PUT,/onboarding-slides/{id},backend-nest/stub-endpoints/admin-stubs.ts,nest
POST,/onboarding-slides,backend-nest/stub-endpoints/admin-stubs.ts,nest
DELETE,/onboarding-slides/{id},backend-nest/stub-endpoints/admin-stubs.ts,nest
PUT,/pages/{id},backend-nest/stub-endpoints/admin-stubs.ts,nest
DELETE,/pages/{id},backend-nest/stub-endpoints/admin-stubs.ts,nest
PUT,/strings/{id},backend-nest/stub-endpoints/admin-stubs.ts,nest
POST,/strings,backend-nest/stub-endpoints/admin-stubs.ts,nest
DELETE,/strings/{id},backend-nest/stub-endpoints/admin-stubs.ts,nest
PUT,/home-layouts/{id},backend-nest/stub-endpoints/admin-stubs.ts,nest
POST,/home-layouts,backend-nest/stub-endpoints/admin-stubs.ts,nest
DELETE,/home-layouts/{id},backend-nest/stub-endpoints/admin-stubs.ts,nest
DELETE,/drivers/leave-requests/{id},backend-nest/stub-endpoints/admin-stubs.ts,nest
DELETE,/drivers/{id},backend-nest/stub-endpoints/admin-stubs.ts,nest
DELETE,/drivers/shifts/{id},backend-nest/stub-endpoints/admin-stubs.ts,nest
DELETE,/drivers/assets/{id},backend-nest/stub-endpoints/admin-stubs.ts,nest
POST,/reports/export/{id}/{id},backend-nest/stub-endpoints/admin-stubs.ts,nest
GET,/order,backend-nest/stub-endpoints/delivery-stubs.ts,nest
DELETE,/cart/{id},backend-nest/stub-endpoints/delivery-stubs.ts,nest
GET,/order/user/{id},backend-nest/stub-endpoints/delivery-stubs.ts,nest
GET,/categories,backend-nest/stub-endpoints/delivery-stubs.ts,nest
GET,/stores/{id},backend-nest/stub-endpoints/delivery-stubs.ts,nest
GET,/cart/user/{id},backend-nest/stub-endpoints/delivery-stubs.ts,nest
GET,/cart/{id},backend-nest/stub-endpoints/delivery-stubs.ts,nest
GET,/promotions/by-stores,backend-nest/stub-endpoints/delivery-stubs.ts,nest
PUT,/stores/{id},backend-nest/stub-endpoints/delivery-stubs.ts,nest
POST,/order,backend-nest/stub-endpoints/errands-stubs.ts,nest
GET,/user/{id},backend-nest/stub-endpoints/errands-stubs.ts,nest
DELETE,/categories/{id},backend-nest/stub-endpoints/merchant-stubs.ts,nest
DELETE,/attributes/{id},backend-nest/stub-endpoints/merchant-stubs.ts,nest
POST,/wallet/coupons/apply,backend-nest/stub-endpoints/wallet-stubs.ts,nest
GET,/wallet/coupons/my,backend-nest/stub-endpoints/wallet-stubs.ts,nest
GET,/wallet/coupons/history,backend-nest/stub-endpoints/wallet-stubs.ts,nest
GET,/wallet/subscriptions/my,backend-nest/stub-endpoints/wallet-stubs.ts,nest
DELETE,/legal/account,backend-nest/tools/audit/store_backend_map.ts,nest
GET,/legal/export-data,backend-nest/tools/audit/store_backend_map.ts,nest
