file,controller_base,method,path,normalized_path
bthwani-project-main/backend-nest/scripts/extract-routes.ts,,GET,/,/
bthwani-project-main/backend-nest/src/app.controller.ts,,GET,/,/
bthwani-project-main/backend-nest/src/modules/admin/admin-cms.controller.ts,admin,POST,onboarding-slides,/ADMIN/ONBOARDING-SLIDES
bthwani-project-main/backend-nest/src/modules/admin/admin-cms.controller.ts,admin,PUT,onboarding-slides/:id,/ADMIN/ONBOARDING-SLIDES/{PARAM}
bthwani-project-main/backend-nest/src/modules/admin/admin-cms.controller.ts,admin,DELETE,onboarding-slides/:id,/ADMIN/ONBOARDING-SLIDES/{PARAM}
bthwani-project-main/backend-nest/src/modules/admin/admin-cms.controller.ts,admin,PUT,pages/:id,/ADMIN/PAGES/{PARAM}
bthwani-project-main/backend-nest/src/modules/admin/admin-cms.controller.ts,admin,DELETE,pages/:id,/ADMIN/PAGES/{PARAM}
bthwani-project-main/backend-nest/src/modules/admin/admin-cms.controller.ts,admin,POST,strings,/ADMIN/STRINGS
bthwani-project-main/backend-nest/src/modules/admin/admin-cms.controller.ts,admin,PUT,strings/:id,/ADMIN/STRINGS/{PARAM}
bthwani-project-main/backend-nest/src/modules/admin/admin-cms.controller.ts,admin,DELETE,strings/:id,/ADMIN/STRINGS/{PARAM}
bthwani-project-main/backend-nest/src/modules/admin/admin-cms.controller.ts,admin,POST,home-layouts,/ADMIN/HOME-LAYOUTS
bthwani-project-main/backend-nest/src/modules/admin/admin-cms.controller.ts,admin,PUT,home-layouts/:id,/ADMIN/HOME-LAYOUTS/{PARAM}
bthwani-project-main/backend-nest/src/modules/admin/admin-cms.controller.ts,admin,DELETE,home-layouts/:id,/ADMIN/HOME-LAYOUTS/{PARAM}
bthwani-project-main/backend-nest/src/modules/admin/admin-cms.controller.ts,admin,DELETE,wallet/coupons/:id,/ADMIN/WALLET/COUPONS/{PARAM}
bthwani-project-main/backend-nest/src/modules/admin/admin-cms.controller.ts,admin,DELETE,wallet/subscriptions/:id,/ADMIN/WALLET/SUBSCRIPTIONS/{PARAM}
bthwani-project-main/backend-nest/src/modules/admin/admin-cms.controller.ts,admin,POST,reports/generate,/ADMIN/REPORTS/GENERATE
bthwani-project-main/backend-nest/src/modules/admin/admin-cms.controller.ts,admin,POST,reports/export/:id/:format,/ADMIN/REPORTS/EXPORT/{PARAM}/{PARAM}
bthwani-project-main/backend-nest/src/modules/admin/admin-cms.controller.ts,admin,GET,reports/realtime,/ADMIN/REPORTS/REALTIME
bthwani-project-main/backend-nest/src/modules/admin/admin-cms.controller.ts,admin,GET,wallet/settlements/export,/ADMIN/WALLET/SETTLEMENTS/EXPORT
bthwani-project-main/backend-nest/src/modules/admin/admin.controller.ts,admin,GET,dashboard,/ADMIN/DASHBOARD
bthwani-project-main/backend-nest/src/modules/admin/admin.controller.ts,admin,GET,stats/today,/ADMIN/STATS/TODAY
bthwani-project-main/backend-nest/src/modules/admin/admin.controller.ts,admin,GET,stats/financial,/ADMIN/STATS/FINANCIAL
bthwani-project-main/backend-nest/src/modules/admin/admin.controller.ts,admin,GET,dashboard/orders-by-status,/ADMIN/DASHBOARD/ORDERS-BY-STATUS
bthwani-project-main/backend-nest/src/modules/admin/admin.controller.ts,admin,GET,dashboard/revenue,/ADMIN/DASHBOARD/REVENUE
bthwani-project-main/backend-nest/src/modules/admin/admin.controller.ts,admin,GET,dashboard/live-metrics,/ADMIN/DASHBOARD/LIVE-METRICS
bthwani-project-main/backend-nest/src/modules/admin/admin.controller.ts,admin,GET,drivers,/ADMIN/DRIVERS
bthwani-project-main/backend-nest/src/modules/admin/admin.controller.ts,admin,GET,drivers/:id,/ADMIN/DRIVERS/{PARAM}
bthwani-project-main/backend-nest/src/modules/admin/admin.controller.ts,admin,GET,drivers/:id/performance,/ADMIN/DRIVERS/{PARAM}/PERFORMANCE
bthwani-project-main/backend-nest/src/modules/admin/admin.controller.ts,admin,DELETE,drivers/:id,/ADMIN/DRIVERS/{PARAM}
bthwani-project-main/backend-nest/src/modules/admin/admin.controller.ts,admin,GET,drivers/:id/financials,/ADMIN/DRIVERS/{PARAM}/FINANCIALS
bthwani-project-main/backend-nest/src/modules/admin/admin.controller.ts,admin,POST,drivers/:id/ban,/ADMIN/DRIVERS/{PARAM}/BAN
bthwani-project-main/backend-nest/src/modules/admin/admin.controller.ts,admin,POST,drivers/:id/unban,/ADMIN/DRIVERS/{PARAM}/UNBAN
bthwani-project-main/backend-nest/src/modules/admin/admin.controller.ts,admin,PATCH,drivers/:id/adjust-balance,/ADMIN/DRIVERS/{PARAM}/ADJUST-BALANCE
bthwani-project-main/backend-nest/src/modules/admin/admin.controller.ts,admin,GET,withdrawals,/ADMIN/WITHDRAWALS
bthwani-project-main/backend-nest/src/modules/admin/admin.controller.ts,admin,GET,withdrawals/pending,/ADMIN/WITHDRAWALS/PENDING
bthwani-project-main/backend-nest/src/modules/admin/admin.controller.ts,admin,PATCH,withdrawals/:id/approve,/ADMIN/WITHDRAWALS/{PARAM}/APPROVE
bthwani-project-main/backend-nest/src/modules/admin/admin.controller.ts,admin,PATCH,withdrawals/:id/reject,/ADMIN/WITHDRAWALS/{PARAM}/REJECT
bthwani-project-main/backend-nest/src/modules/admin/admin.controller.ts,admin,GET,vendors/pending,/ADMIN/VENDORS/PENDING
bthwani-project-main/backend-nest/src/modules/admin/admin.controller.ts,admin,POST,vendors/:id/approve,/ADMIN/VENDORS/{PARAM}/APPROVE
bthwani-project-main/backend-nest/src/modules/admin/admin.controller.ts,admin,POST,vendors/:id/reject,/ADMIN/VENDORS/{PARAM}/REJECT
bthwani-project-main/backend-nest/src/modules/admin/admin.controller.ts,admin,POST,vendors/:id/suspend,/ADMIN/VENDORS/{PARAM}/SUSPEND
bthwani-project-main/backend-nest/src/modules/admin/admin.controller.ts,admin,GET,users,/ADMIN/USERS
bthwani-project-main/backend-nest/src/modules/admin/admin.controller.ts,admin,GET,users/:id,/ADMIN/USERS/{PARAM}
bthwani-project-main/backend-nest/src/modules/admin/admin.controller.ts,admin,POST,users/:id/ban,/ADMIN/USERS/{PARAM}/BAN
bthwani-project-main/backend-nest/src/modules/admin/admin.controller.ts,admin,POST,users/:id/unban,/ADMIN/USERS/{PARAM}/UNBAN
bthwani-project-main/backend-nest/src/modules/admin/admin.controller.ts,admin,GET,reports/daily,/ADMIN/REPORTS/DAILY
bthwani-project-main/backend-nest/src/modules/admin/admin.controller.ts,admin,POST,reports/export/:type/:format,/ADMIN/REPORTS/EXPORT/{PARAM}/{PARAM}
bthwani-project-main/backend-nest/src/modules/admin/admin.controller.ts,admin,GET,drivers/:id/attendance,/ADMIN/DRIVERS/{PARAM}/ATTENDANCE
bthwani-project-main/backend-nest/src/modules/admin/admin.controller.ts,admin,GET,drivers/attendance/summary,/ADMIN/DRIVERS/ATTENDANCE/SUMMARY
bthwani-project-main/backend-nest/src/modules/admin/admin.controller.ts,admin,POST,drivers/:id/attendance/adjust,/ADMIN/DRIVERS/{PARAM}/ATTENDANCE/ADJUST
bthwani-project-main/backend-nest/src/modules/admin/admin.controller.ts,admin,DELETE,drivers/shifts/:id,/ADMIN/DRIVERS/SHIFTS/{PARAM}
bthwani-project-main/backend-nest/src/modules/admin/admin.controller.ts,admin,DELETE,drivers/assets/:id,/ADMIN/DRIVERS/ASSETS/{PARAM}
bthwani-project-main/backend-nest/src/modules/admin/admin.controller.ts,admin,GET,drivers/leave-requests,/ADMIN/DRIVERS/LEAVE-REQUESTS
bthwani-project-main/backend-nest/src/modules/admin/admin.controller.ts,admin,PATCH,drivers/leave-requests/:id/approve,/ADMIN/DRIVERS/LEAVE-REQUESTS/{PARAM}/APPROVE
bthwani-project-main/backend-nest/src/modules/admin/admin.controller.ts,admin,PATCH,drivers/leave-requests/:id/reject,/ADMIN/DRIVERS/LEAVE-REQUESTS/{PARAM}/REJECT
bthwani-project-main/backend-nest/src/modules/admin/admin.controller.ts,admin,DELETE,drivers/leave-requests/:id,/ADMIN/DRIVERS/LEAVE-REQUESTS/{PARAM}
bthwani-project-main/backend-nest/src/modules/admin/admin.controller.ts,admin,GET,drivers/:id/leave-balance,/ADMIN/DRIVERS/{PARAM}/LEAVE-BALANCE
bthwani-project-main/backend-nest/src/modules/admin/admin.controller.ts,admin,PATCH,drivers/:id/leave-balance/adjust,/ADMIN/DRIVERS/{PARAM}/LEAVE-BALANCE/ADJUST
bthwani-project-main/backend-nest/src/modules/admin/admin.controller.ts,admin,GET,quality/metrics,/ADMIN/QUALITY/METRICS
bthwani-project-main/backend-nest/src/modules/admin/admin.controller.ts,admin,GET,settings,/ADMIN/SETTINGS
bthwani-project-main/backend-nest/src/modules/admin/admin.controller.ts,admin,PATCH,settings,/ADMIN/SETTINGS
bthwani-project-main/backend-nest/src/modules/admin/admin.controller.ts,admin,GET,settings/feature-flags,/ADMIN/SETTINGS/FEATURE-FLAGS
bthwani-project-main/backend-nest/src/modules/admin/admin.controller.ts,admin,PATCH,settings/feature-flags/:flag,/ADMIN/SETTINGS/FEATURE-FLAGS/{PARAM}
bthwani-project-main/backend-nest/src/modules/admin/admin.controller.ts,admin,POST,backup/create,/ADMIN/BACKUP/CREATE
bthwani-project-main/backend-nest/src/modules/admin/admin.controller.ts,admin,GET,backup/list,/ADMIN/BACKUP/LIST
bthwani-project-main/backend-nest/src/modules/admin/admin.controller.ts,admin,POST,backup/:id/restore,/ADMIN/BACKUP/{PARAM}/RESTORE
bthwani-project-main/backend-nest/src/modules/admin/admin.controller.ts,admin,GET,backup/:id/download,/ADMIN/BACKUP/{PARAM}/DOWNLOAD
bthwani-project-main/backend-nest/src/modules/admin/admin.controller.ts,admin,GET,data-deletion/requests,/ADMIN/DATA-DELETION/REQUESTS
bthwani-project-main/backend-nest/src/modules/admin/admin.controller.ts,admin,PATCH,data-deletion/:id/approve,/ADMIN/DATA-DELETION/{PARAM}/APPROVE
bthwani-project-main/backend-nest/src/modules/admin/admin.controller.ts,admin,PATCH,data-deletion/:id/reject,/ADMIN/DATA-DELETION/{PARAM}/REJECT
bthwani-project-main/backend-nest/src/modules/admin/admin.controller.ts,admin,GET,security/password-attempts,/ADMIN/SECURITY/PASSWORD-ATTEMPTS
bthwani-project-main/backend-nest/src/modules/admin/admin.controller.ts,admin,POST,security/reset-password/:userId,/ADMIN/SECURITY/RESET-PASSWORD/{PARAM}
bthwani-project-main/backend-nest/src/modules/admin/admin.controller.ts,admin,POST,security/unlock-account/:userId,/ADMIN/SECURITY/UNLOCK-ACCOUNT/{PARAM}
bthwani-project-main/backend-nest/src/modules/admin/admin.controller.ts,admin,GET,marketers,/ADMIN/MARKETERS
bthwani-project-main/backend-nest/src/modules/admin/admin.controller.ts,admin,GET,marketers/:id,/ADMIN/MARKETERS/{PARAM}
bthwani-project-main/backend-nest/src/modules/admin/admin.controller.ts,admin,POST,marketers,/ADMIN/MARKETERS
bthwani-project-main/backend-nest/src/modules/admin/admin.controller.ts,admin,PATCH,marketers/:id,/ADMIN/MARKETERS/{PARAM}
bthwani-project-main/backend-nest/src/modules/admin/admin.controller.ts,admin,GET,marketers/:id/performance,/ADMIN/MARKETERS/{PARAM}/PERFORMANCE
bthwani-project-main/backend-nest/src/modules/admin/admin.controller.ts,admin,GET,marketers/:id/stores,/ADMIN/MARKETERS/{PARAM}/STORES
bthwani-project-main/backend-nest/src/modules/admin/admin.controller.ts,admin,POST,marketers/:id/activate,/ADMIN/MARKETERS/{PARAM}/ACTIVATE
bthwani-project-main/backend-nest/src/modules/admin/admin.controller.ts,admin,POST,marketers/:id/deactivate,/ADMIN/MARKETERS/{PARAM}/DEACTIVATE
bthwani-project-main/backend-nest/src/modules/admin/admin.controller.ts,admin,GET,marketers/statistics,/ADMIN/MARKETERS/STATISTICS
bthwani-project-main/backend-nest/src/modules/admin/admin.controller.ts,admin,GET,marketers/export,/ADMIN/MARKETERS/EXPORT
bthwani-project-main/backend-nest/src/modules/admin/admin.controller.ts,admin,GET,audit-logs,/ADMIN/AUDIT-LOGS
bthwani-project-main/backend-nest/src/modules/admin/admin.controller.ts,admin,GET,audit-logs/:id,/ADMIN/AUDIT-LOGS/{PARAM}
bthwani-project-main/backend-nest/src/modules/admin/admin.controller.ts,admin,GET,system/health,/ADMIN/SYSTEM/HEALTH
bthwani-project-main/backend-nest/src/modules/admin/admin.controller.ts,admin,GET,system/metrics,/ADMIN/SYSTEM/METRICS
bthwani-project-main/backend-nest/src/modules/admin/admin.controller.ts,admin,GET,database/stats,/ADMIN/DATABASE/STATS
bthwani-project-main/backend-nest/src/modules/admin/admin.controller.ts,admin,GET,orders/stats/by-city,/ADMIN/ORDERS/STATS/BY-CITY
bthwani-project-main/backend-nest/src/modules/admin/admin.controller.ts,admin,GET,orders/stats/by-payment-method,/ADMIN/ORDERS/STATS/BY-PAYMENT-METHOD
bthwani-project-main/backend-nest/src/modules/admin/admin.controller.ts,admin,GET,drivers/stats/by-status,/ADMIN/DRIVERS/STATS/BY-STATUS
bthwani-project-main/backend-nest/src/modules/admin/admin.controller.ts,admin,GET,users/:id/orders-history,/ADMIN/USERS/{PARAM}/ORDERS-HISTORY
bthwani-project-main/backend-nest/src/modules/admin/admin.controller.ts,admin,POST,cache/clear,/ADMIN/CACHE/CLEAR
bthwani-project-main/backend-nest/src/modules/admin/admin.controller.ts,admin,GET,cache/stats,/ADMIN/CACHE/STATS
bthwani-project-main/backend-nest/src/modules/admin/admin.controller.ts,admin,GET,roles,/ADMIN/ROLES
bthwani-project-main/backend-nest/src/modules/admin/admin.controller.ts,admin,POST,roles,/ADMIN/ROLES
bthwani-project-main/backend-nest/src/modules/admin/admin.controller.ts,admin,PATCH,roles/:id,/ADMIN/ROLES/{PARAM}
bthwani-project-main/backend-nest/src/modules/admin/amani.admin.controller.ts,admin/amani,GET,/,/ADMIN/AMANI
bthwani-project-main/backend-nest/src/modules/admin/amani.admin.controller.ts,admin/amani,PATCH,:id/status,/ADMIN/AMANI/{PARAM}/STATUS
bthwani-project-main/backend-nest/src/modules/admin/amani.admin.controller.ts,admin/amani,DELETE,:id,/ADMIN/AMANI/{PARAM}
bthwani-project-main/backend-nest/src/modules/admin/arabon.admin.controller.ts,admin/arabon,GET,/,/ADMIN/ARABON
bthwani-project-main/backend-nest/src/modules/admin/arabon.admin.controller.ts,admin/arabon,PATCH,:id/status,/ADMIN/ARABON/{PARAM}/STATUS
bthwani-project-main/backend-nest/src/modules/admin/arabon.admin.controller.ts,admin/arabon,DELETE,:id,/ADMIN/ARABON/{PARAM}
bthwani-project-main/backend-nest/src/modules/admin/es3afni.admin.controller.ts,admin/es3afni,GET,/,/ADMIN/ES3AFNI
bthwani-project-main/backend-nest/src/modules/admin/es3afni.admin.controller.ts,admin/es3afni,PATCH,:id/status,/ADMIN/ES3AFNI/{PARAM}/STATUS
bthwani-project-main/backend-nest/src/modules/admin/es3afni.admin.controller.ts,admin/es3afni,DELETE,:id,/ADMIN/ES3AFNI/{PARAM}
bthwani-project-main/backend-nest/src/modules/admin/kawader.admin.controller.ts,admin/kawader,GET,/,/ADMIN/KAWADER
bthwani-project-main/backend-nest/src/modules/admin/kawader.admin.controller.ts,admin/kawader,PATCH,:id/status,/ADMIN/KAWADER/{PARAM}/STATUS
bthwani-project-main/backend-nest/src/modules/admin/kawader.admin.controller.ts,admin/kawader,DELETE,:id,/ADMIN/KAWADER/{PARAM}
bthwani-project-main/backend-nest/src/modules/admin/kawader.admin.controller.ts,admin/kawader,GET,:id,/ADMIN/KAWADER/{PARAM}
bthwani-project-main/backend-nest/src/modules/admin/kawader.admin.controller.ts,admin/kawader,GET,stats/overview,/ADMIN/KAWADER/STATS/OVERVIEW
bthwani-project-main/backend-nest/src/modules/admin/kenz.admin.controller.ts,admin/kenz,GET,/,/ADMIN/KENZ
bthwani-project-main/backend-nest/src/modules/admin/kenz.admin.controller.ts,admin/kenz,PATCH,:id/status,/ADMIN/KENZ/{PARAM}/STATUS
bthwani-project-main/backend-nest/src/modules/admin/kenz.admin.controller.ts,admin/kenz,DELETE,:id,/ADMIN/KENZ/{PARAM}
bthwani-project-main/backend-nest/src/modules/admin/kenz.admin.controller.ts,admin/kenz,GET,:id,/ADMIN/KENZ/{PARAM}
bthwani-project-main/backend-nest/src/modules/admin/kenz.admin.controller.ts,admin/kenz,GET,stats/overview,/ADMIN/KENZ/STATS/OVERVIEW
bthwani-project-main/backend-nest/src/modules/admin/maarouf.admin.controller.ts,admin/maarouf,GET,/,/ADMIN/MAAROUF
bthwani-project-main/backend-nest/src/modules/admin/maarouf.admin.controller.ts,admin/maarouf,PATCH,:id/status,/ADMIN/MAAROUF/{PARAM}/STATUS
bthwani-project-main/backend-nest/src/modules/admin/maarouf.admin.controller.ts,admin/maarouf,DELETE,:id,/ADMIN/MAAROUF/{PARAM}
bthwani-project-main/backend-nest/src/modules/admin/maarouf.admin.controller.ts,admin/maarouf,GET,:id,/ADMIN/MAAROUF/{PARAM}
bthwani-project-main/backend-nest/src/modules/admin/maarouf.admin.controller.ts,admin/maarouf,GET,stats/overview,/ADMIN/MAAROUF/STATS/OVERVIEW
bthwani-project-main/backend-nest/src/modules/admin/payments.admin.controller.ts,admin/payments,GET,/,/ADMIN/PAYMENTS
bthwani-project-main/backend-nest/src/modules/admin/payments.admin.controller.ts,admin/payments,PATCH,:id/status,/ADMIN/PAYMENTS/{PARAM}/STATUS
bthwani-project-main/backend-nest/src/modules/admin/payments.admin.controller.ts,admin/payments,DELETE,:id,/ADMIN/PAYMENTS/{PARAM}
bthwani-project-main/backend-nest/src/modules/admin/payments.admin.controller.ts,admin/payments,GET,:id,/ADMIN/PAYMENTS/{PARAM}
bthwani-project-main/backend-nest/src/modules/admin/payments.admin.controller.ts,admin/payments,GET,stats/overview,/ADMIN/PAYMENTS/STATS/OVERVIEW
bthwani-project-main/backend-nest/src/modules/admin/sanad.admin.controller.ts,admin/sanad,GET,/,/ADMIN/SANAD
bthwani-project-main/backend-nest/src/modules/admin/sanad.admin.controller.ts,admin/sanad,PATCH,:id/status,/ADMIN/SANAD/{PARAM}/STATUS
bthwani-project-main/backend-nest/src/modules/admin/sanad.admin.controller.ts,admin/sanad,DELETE,:id,/ADMIN/SANAD/{PARAM}
bthwani-project-main/backend-nest/src/modules/admin/sanad.admin.controller.ts,admin/sanad,GET,:id,/ADMIN/SANAD/{PARAM}
bthwani-project-main/backend-nest/src/modules/admin/sanad.admin.controller.ts,admin/sanad,GET,stats/overview,/ADMIN/SANAD/STATS/OVERVIEW
bthwani-project-main/backend-nest/src/modules/akhdimni/akhdimni.controller.ts,akhdimni,POST,errands/calculate-fee,/AKHDIMNI/ERRANDS/CALCULATE-FEE
bthwani-project-main/backend-nest/src/modules/akhdimni/akhdimni.controller.ts,akhdimni,POST,errands,/AKHDIMNI/ERRANDS
bthwani-project-main/backend-nest/src/modules/akhdimni/akhdimni.controller.ts,akhdimni,GET,my-errands,/AKHDIMNI/MY-ERRANDS
bthwani-project-main/backend-nest/src/modules/akhdimni/akhdimni.controller.ts,akhdimni,GET,errands/:id,/AKHDIMNI/ERRANDS/{PARAM}
bthwani-project-main/backend-nest/src/modules/akhdimni/akhdimni.controller.ts,akhdimni,PATCH,errands/:id/cancel,/AKHDIMNI/ERRANDS/{PARAM}/CANCEL
bthwani-project-main/backend-nest/src/modules/akhdimni/akhdimni.controller.ts,akhdimni,POST,errands/:id/rate,/AKHDIMNI/ERRANDS/{PARAM}/RATE
bthwani-project-main/backend-nest/src/modules/akhdimni/akhdimni.controller.ts,akhdimni,GET,driver/my-errands,/AKHDIMNI/DRIVER/MY-ERRANDS
bthwani-project-main/backend-nest/src/modules/akhdimni/akhdimni.controller.ts,akhdimni,PATCH,errands/:id/status,/AKHDIMNI/ERRANDS/{PARAM}/STATUS
bthwani-project-main/backend-nest/src/modules/akhdimni/akhdimni.controller.ts,akhdimni,GET,admin/errands,/AKHDIMNI/ADMIN/ERRANDS
bthwani-project-main/backend-nest/src/modules/akhdimni/akhdimni.controller.ts,akhdimni,POST,admin/errands/:id/assign-driver,/AKHDIMNI/ADMIN/ERRANDS/{PARAM}/ASSIGN-DRIVER
bthwani-project-main/backend-nest/src/modules/akhdimni/errands.controller.ts,errands,POST,order,/ERRANDS/ORDER
bthwani-project-main/backend-nest/src/modules/akhdimni/errands.controller.ts,errands,GET,user/:id,/ERRANDS/USER/{PARAM}
bthwani-project-main/backend-nest/src/modules/akhdimni/errands.controller.ts,errands,GET,categories,/ERRANDS/CATEGORIES
bthwani-project-main/backend-nest/src/modules/akhdimni/errands.controller.ts,errands,GET,drivers/available,/ERRANDS/DRIVERS/AVAILABLE
bthwani-project-main/backend-nest/src/modules/akhdimni/errands.controller.ts,errands,GET,:id,/ERRANDS/{PARAM}
bthwani-project-main/backend-nest/src/modules/amani/amani.controller.ts,amani,POST,/,/AMANI
bthwani-project-main/backend-nest/src/modules/amani/amani.controller.ts,amani,GET,/,/AMANI
bthwani-project-main/backend-nest/src/modules/amani/amani.controller.ts,amani,GET,:id,/AMANI/{PARAM}
bthwani-project-main/backend-nest/src/modules/amani/amani.controller.ts,amani,PATCH,:id,/AMANI/{PARAM}
bthwani-project-main/backend-nest/src/modules/amani/amani.controller.ts,amani,DELETE,:id,/AMANI/{PARAM}
bthwani-project-main/backend-nest/src/modules/analytics/analytics.controller.ts,analytics,GET,roas/daily,/ANALYTICS/ROAS/DAILY
bthwani-project-main/backend-nest/src/modules/analytics/analytics.controller.ts,analytics,GET,roas/summary,/ANALYTICS/ROAS/SUMMARY
bthwani-project-main/backend-nest/src/modules/analytics/analytics.controller.ts,analytics,GET,roas/by-platform,/ANALYTICS/ROAS/BY-PLATFORM
bthwani-project-main/backend-nest/src/modules/analytics/analytics.controller.ts,analytics,POST,roas/calculate,/ANALYTICS/ROAS/CALCULATE
bthwani-project-main/backend-nest/src/modules/analytics/analytics.controller.ts,analytics,POST,adspend,/ANALYTICS/ADSPEND
bthwani-project-main/backend-nest/src/modules/analytics/analytics.controller.ts,analytics,GET,adspend,/ANALYTICS/ADSPEND
bthwani-project-main/backend-nest/src/modules/analytics/analytics.controller.ts,analytics,GET,adspend/summary,/ANALYTICS/ADSPEND/SUMMARY
bthwani-project-main/backend-nest/src/modules/analytics/analytics.controller.ts,analytics,GET,kpis,/ANALYTICS/KPIS
bthwani-project-main/backend-nest/src/modules/analytics/analytics.controller.ts,analytics,GET,kpis/real-time,/ANALYTICS/KPIS/REAL-TIME
bthwani-project-main/backend-nest/src/modules/analytics/analytics.controller.ts,analytics,GET,kpis/trends,/ANALYTICS/KPIS/TRENDS
bthwani-project-main/backend-nest/src/modules/analytics/analytics.controller.ts,analytics,POST,events/track,/ANALYTICS/EVENTS/TRACK
bthwani-project-main/backend-nest/src/modules/analytics/analytics.controller.ts,analytics,GET,events,/ANALYTICS/EVENTS
bthwani-project-main/backend-nest/src/modules/analytics/analytics.controller.ts,analytics,GET,events/summary,/ANALYTICS/EVENTS/SUMMARY
bthwani-project-main/backend-nest/src/modules/analytics/analytics.controller.ts,analytics,GET,funnel/conversion,/ANALYTICS/FUNNEL/CONVERSION
bthwani-project-main/backend-nest/src/modules/analytics/analytics.controller.ts,analytics,GET,funnel/drop-off,/ANALYTICS/FUNNEL/DROP-OFF
bthwani-project-main/backend-nest/src/modules/analytics/analytics.controller.ts,analytics,GET,users/growth,/ANALYTICS/USERS/GROWTH
bthwani-project-main/backend-nest/src/modules/analytics/analytics.controller.ts,analytics,GET,users/retention,/ANALYTICS/USERS/RETENTION
bthwani-project-main/backend-nest/src/modules/analytics/analytics.controller.ts,analytics,GET,users/cohort,/ANALYTICS/USERS/COHORT
bthwani-project-main/backend-nest/src/modules/analytics/analytics.controller.ts,analytics,GET,revenue/forecast,/ANALYTICS/REVENUE/FORECAST
bthwani-project-main/backend-nest/src/modules/analytics/analytics.controller.ts,analytics,GET,revenue/breakdown,/ANALYTICS/REVENUE/BREAKDOWN
bthwani-project-main/backend-nest/src/modules/analytics/analytics.controller.ts,analytics,GET,advanced/dashboard-overview,/ANALYTICS/ADVANCED/DASHBOARD-OVERVIEW
bthwani-project-main/backend-nest/src/modules/analytics/analytics.controller.ts,analytics,GET,advanced/cohort-analysis-advanced,/ANALYTICS/ADVANCED/COHORT-ANALYSIS-ADVANCED
bthwani-project-main/backend-nest/src/modules/analytics/analytics.controller.ts,analytics,GET,advanced/funnel-analysis,/ANALYTICS/ADVANCED/FUNNEL-ANALYSIS
bthwani-project-main/backend-nest/src/modules/analytics/analytics.controller.ts,analytics,GET,advanced/retention,/ANALYTICS/ADVANCED/RETENTION
bthwani-project-main/backend-nest/src/modules/analytics/analytics.controller.ts,analytics,GET,advanced/ltv,/ANALYTICS/ADVANCED/LTV
bthwani-project-main/backend-nest/src/modules/analytics/analytics.controller.ts,analytics,GET,advanced/churn-rate,/ANALYTICS/ADVANCED/CHURN-RATE
bthwani-project-main/backend-nest/src/modules/analytics/analytics.controller.ts,analytics,GET,advanced/geographic-distribution,/ANALYTICS/ADVANCED/GEOGRAPHIC-DISTRIBUTION
bthwani-project-main/backend-nest/src/modules/analytics/analytics.controller.ts,analytics,GET,advanced/peak-hours,/ANALYTICS/ADVANCED/PEAK-HOURS
bthwani-project-main/backend-nest/src/modules/analytics/analytics.controller.ts,analytics,GET,advanced/product-performance,/ANALYTICS/ADVANCED/PRODUCT-PERFORMANCE
bthwani-project-main/backend-nest/src/modules/analytics/analytics.controller.ts,analytics,GET,advanced/driver-performance,/ANALYTICS/ADVANCED/DRIVER-PERFORMANCE
bthwani-project-main/backend-nest/src/modules/arabon/arabon.controller.ts,arabon,POST,/,/ARABON
bthwani-project-main/backend-nest/src/modules/arabon/arabon.controller.ts,arabon,GET,/,/ARABON
bthwani-project-main/backend-nest/src/modules/arabon/arabon.controller.ts,arabon,GET,:id,/ARABON/{PARAM}
bthwani-project-main/backend-nest/src/modules/arabon/arabon.controller.ts,arabon,PATCH,:id,/ARABON/{PARAM}
bthwani-project-main/backend-nest/src/modules/arabon/arabon.controller.ts,arabon,DELETE,:id,/ARABON/{PARAM}
bthwani-project-main/backend-nest/src/modules/auth/auth.controller.ts,auth,POST,firebase/login,/AUTH/FIREBASE/LOGIN
bthwani-project-main/backend-nest/src/modules/auth/auth.controller.ts,auth,POST,consent,/AUTH/CONSENT
bthwani-project-main/backend-nest/src/modules/auth/auth.controller.ts,auth,POST,consent/bulk,/AUTH/CONSENT/BULK
bthwani-project-main/backend-nest/src/modules/auth/auth.controller.ts,auth,DELETE,consent/:type,/AUTH/CONSENT/{PARAM}
bthwani-project-main/backend-nest/src/modules/auth/auth.controller.ts,auth,GET,consent/history,/AUTH/CONSENT/HISTORY
bthwani-project-main/backend-nest/src/modules/auth/auth.controller.ts,auth,GET,consent/summary,/AUTH/CONSENT/SUMMARY
bthwani-project-main/backend-nest/src/modules/auth/auth.controller.ts,auth,GET,consent/check/:type,/AUTH/CONSENT/CHECK/{PARAM}
bthwani-project-main/backend-nest/src/modules/auth/auth.controller.ts,auth,POST,forgot,/AUTH/FORGOT
bthwani-project-main/backend-nest/src/modules/auth/auth.controller.ts,auth,POST,reset/verify,/AUTH/RESET/VERIFY
bthwani-project-main/backend-nest/src/modules/auth/auth.controller.ts,auth,POST,reset,/AUTH/RESET
bthwani-project-main/backend-nest/src/modules/auth/auth.controller.ts,auth,POST,verify-otp,/AUTH/VERIFY-OTP
bthwani-project-main/backend-nest/src/modules/cart/cart.controller.ts,delivery/cart,GET,/,/DELIVERY/CART
bthwani-project-main/backend-nest/src/modules/cart/cart.controller.ts,delivery/cart,GET,user/:userId,/DELIVERY/CART/USER/{PARAM}
bthwani-project-main/backend-nest/src/modules/cart/cart.controller.ts,delivery/cart,GET,:cartId,/DELIVERY/CART/{PARAM}
bthwani-project-main/backend-nest/src/modules/cart/cart.controller.ts,delivery/cart,DELETE,:id,/DELIVERY/CART/{PARAM}
bthwani-project-main/backend-nest/src/modules/cart/cart.controller.ts,delivery/cart,POST,items,/DELIVERY/CART/ITEMS
bthwani-project-main/backend-nest/src/modules/cart/cart.controller.ts,delivery/cart,POST,add,/DELIVERY/CART/ADD
bthwani-project-main/backend-nest/src/modules/cart/cart.controller.ts,delivery/cart,PATCH,items/:productId,/DELIVERY/CART/ITEMS/{PARAM}
bthwani-project-main/backend-nest/src/modules/cart/cart.controller.ts,delivery/cart,PATCH,:productId,/DELIVERY/CART/{PARAM}
bthwani-project-main/backend-nest/src/modules/cart/cart.controller.ts,delivery/cart,DELETE,items/:productId,/DELIVERY/CART/ITEMS/{PARAM}
bthwani-project-main/backend-nest/src/modules/cart/cart.controller.ts,delivery/cart,DELETE,:productId,/DELIVERY/CART/{PARAM}
bthwani-project-main/backend-nest/src/modules/cart/cart.controller.ts,delivery/cart,DELETE,/,/DELIVERY/CART
bthwani-project-main/backend-nest/src/modules/cart/cart.controller.ts,delivery/cart,PATCH,note,/DELIVERY/CART/NOTE
bthwani-project-main/backend-nest/src/modules/cart/cart.controller.ts,delivery/cart,PATCH,delivery-address,/DELIVERY/CART/DELIVERY-ADDRESS
bthwani-project-main/backend-nest/src/modules/cart/cart.controller.ts,delivery/cart,GET,count,/DELIVERY/CART/COUNT
bthwani-project-main/backend-nest/src/modules/cart/cart.controller.ts,delivery/cart,GET,fee,/DELIVERY/CART/FEE
bthwani-project-main/backend-nest/src/modules/cart/cart.controller.ts,delivery/cart,POST,merge,/DELIVERY/CART/MERGE
bthwani-project-main/backend-nest/src/modules/cart/cart.controller.ts,delivery/cart,GET,shein,/DELIVERY/CART/SHEIN
bthwani-project-main/backend-nest/src/modules/cart/cart.controller.ts,delivery/cart,POST,shein/items,/DELIVERY/CART/SHEIN/ITEMS
bthwani-project-main/backend-nest/src/modules/cart/cart.controller.ts,delivery/cart,PATCH,shein/items/:sheinProductId,/DELIVERY/CART/SHEIN/ITEMS/{PARAM}
bthwani-project-main/backend-nest/src/modules/cart/cart.controller.ts,delivery/cart,DELETE,shein/items/:sheinProductId,/DELIVERY/CART/SHEIN/ITEMS/{PARAM}
bthwani-project-main/backend-nest/src/modules/cart/cart.controller.ts,delivery/cart,DELETE,shein,/DELIVERY/CART/SHEIN
bthwani-project-main/backend-nest/src/modules/cart/cart.controller.ts,delivery/cart,PATCH,shein/shipping,/DELIVERY/CART/SHEIN/SHIPPING
bthwani-project-main/backend-nest/src/modules/cart/cart.controller.ts,delivery/cart,PATCH,shein/note,/DELIVERY/CART/SHEIN/NOTE
bthwani-project-main/backend-nest/src/modules/cart/cart.controller.ts,delivery/cart,GET,combined,/DELIVERY/CART/COMBINED
bthwani-project-main/backend-nest/src/modules/cart/cart.controller.ts,delivery/cart,DELETE,combined/clear-all,/DELIVERY/CART/COMBINED/CLEAR-ALL
bthwani-project-main/backend-nest/src/modules/cart/cart.controller.ts,delivery/cart,GET,abandoned,/DELIVERY/CART/ABANDONED
bthwani-project-main/backend-nest/src/modules/cart/cart.controller.ts,delivery/cart,DELETE,:cartId/items/:productId,/DELIVERY/CART/{PARAM}/ITEMS/{PARAM}
bthwani-project-main/backend-nest/src/modules/cart/cart.controller.ts,delivery/cart,POST,:cartId/retarget/push,/DELIVERY/CART/{PARAM}/RETARGET/PUSH
bthwani-project-main/backend-nest/src/modules/content/content.controller.ts,content,GET,banners,/CONTENT/BANNERS
bthwani-project-main/backend-nest/src/modules/content/content.controller.ts,content,POST,banners/:id/click,/CONTENT/BANNERS/{PARAM}/CLICK
bthwani-project-main/backend-nest/src/modules/content/content.controller.ts,content,POST,banners,/CONTENT/BANNERS
bthwani-project-main/backend-nest/src/modules/content/content.controller.ts,content,GET,admin/banners,/CONTENT/ADMIN/BANNERS
bthwani-project-main/backend-nest/src/modules/content/content.controller.ts,content,PATCH,banners/:id,/CONTENT/BANNERS/{PARAM}
bthwani-project-main/backend-nest/src/modules/content/content.controller.ts,content,DELETE,banners/:id,/CONTENT/BANNERS/{PARAM}
bthwani-project-main/backend-nest/src/modules/content/content.controller.ts,content,GET,stores/:storeId/sections,/CONTENT/STORES/{PARAM}/SECTIONS
bthwani-project-main/backend-nest/src/modules/content/content.controller.ts,content,POST,sections,/CONTENT/SECTIONS
bthwani-project-main/backend-nest/src/modules/content/content.controller.ts,content,PATCH,sections/:id,/CONTENT/SECTIONS/{PARAM}
bthwani-project-main/backend-nest/src/modules/content/content.controller.ts,content,DELETE,sections/:id,/CONTENT/SECTIONS/{PARAM}
bthwani-project-main/backend-nest/src/modules/content/content.controller.ts,content,GET,subscription-plans,/CONTENT/SUBSCRIPTION-PLANS
bthwani-project-main/backend-nest/src/modules/content/content.controller.ts,content,POST,subscription-plans,/CONTENT/SUBSCRIPTION-PLANS
bthwani-project-main/backend-nest/src/modules/content/content.controller.ts,content,POST,subscribe,/CONTENT/SUBSCRIBE
bthwani-project-main/backend-nest/src/modules/content/content.controller.ts,content,GET,my-subscription,/CONTENT/MY-SUBSCRIPTION
bthwani-project-main/backend-nest/src/modules/content/content.controller.ts,content,PATCH,my-subscription/cancel,/CONTENT/MY-SUBSCRIPTION/CANCEL
bthwani-project-main/backend-nest/src/modules/content/content.controller.ts,content,GET,pages,/CONTENT/PAGES
bthwani-project-main/backend-nest/src/modules/content/content.controller.ts,content,GET,pages/:slug,/CONTENT/PAGES/{PARAM}
bthwani-project-main/backend-nest/src/modules/content/content.controller.ts,content,POST,admin/pages,/CONTENT/ADMIN/PAGES
bthwani-project-main/backend-nest/src/modules/content/content.controller.ts,content,PATCH,admin/pages/:id,/CONTENT/ADMIN/PAGES/{PARAM}
bthwani-project-main/backend-nest/src/modules/content/content.controller.ts,content,GET,app-settings,/CONTENT/APP-SETTINGS
bthwani-project-main/backend-nest/src/modules/content/content.controller.ts,content,PATCH,admin/app-settings,/CONTENT/ADMIN/APP-SETTINGS
bthwani-project-main/backend-nest/src/modules/content/content.controller.ts,content,GET,faqs,/CONTENT/FAQS
bthwani-project-main/backend-nest/src/modules/content/content.controller.ts,content,POST,admin/faqs,/CONTENT/ADMIN/FAQS
bthwani-project-main/backend-nest/src/modules/content/content.controller.ts,content,PATCH,admin/faqs/:id,/CONTENT/ADMIN/FAQS/{PARAM}
bthwani-project-main/backend-nest/src/modules/content/content.controller.ts,content,DELETE,admin/faqs/:id,/CONTENT/ADMIN/FAQS/{PARAM}
bthwani-project-main/backend-nest/src/modules/driver/driver.controller.ts,drivers,POST,/,/DRIVERS
bthwani-project-main/backend-nest/src/modules/driver/driver.controller.ts,drivers,GET,available,/DRIVERS/AVAILABLE
bthwani-project-main/backend-nest/src/modules/driver/driver.controller.ts,drivers,GET,:id,/DRIVERS/{PARAM}
bthwani-project-main/backend-nest/src/modules/driver/driver.controller.ts,drivers,PATCH,location,/DRIVERS/LOCATION
bthwani-project-main/backend-nest/src/modules/driver/driver.controller.ts,drivers,PATCH,availability,/DRIVERS/AVAILABILITY
bthwani-project-main/backend-nest/src/modules/driver/driver.controller.ts,drivers,GET,profile,/DRIVERS/PROFILE
bthwani-project-main/backend-nest/src/modules/driver/driver.controller.ts,drivers,PATCH,profile,/DRIVERS/PROFILE
bthwani-project-main/backend-nest/src/modules/driver/driver.controller.ts,drivers,GET,earnings,/DRIVERS/EARNINGS
bthwani-project-main/backend-nest/src/modules/driver/driver.controller.ts,drivers,GET,earnings/daily,/DRIVERS/EARNINGS/DAILY
bthwani-project-main/backend-nest/src/modules/driver/driver.controller.ts,drivers,GET,earnings/weekly,/DRIVERS/EARNINGS/WEEKLY
bthwani-project-main/backend-nest/src/modules/driver/driver.controller.ts,drivers,GET,statistics,/DRIVERS/STATISTICS
bthwani-project-main/backend-nest/src/modules/driver/driver.controller.ts,drivers,POST,documents/upload,/DRIVERS/DOCUMENTS/UPLOAD
bthwani-project-main/backend-nest/src/modules/driver/driver.controller.ts,drivers,GET,documents,/DRIVERS/DOCUMENTS
bthwani-project-main/backend-nest/src/modules/driver/driver.controller.ts,drivers,GET,:driverId/documents,/DRIVERS/{PARAM}/DOCUMENTS
bthwani-project-main/backend-nest/src/modules/driver/driver.controller.ts,drivers,POST,:driverId/documents/:docId/verify,/DRIVERS/{PARAM}/DOCUMENTS/{PARAM}/VERIFY
bthwani-project-main/backend-nest/src/modules/driver/driver.controller.ts,drivers,POST,vacations/request,/DRIVERS/VACATIONS/REQUEST
bthwani-project-main/backend-nest/src/modules/driver/driver.controller.ts,drivers,GET,vacations/my,/DRIVERS/VACATIONS/MY
bthwani-project-main/backend-nest/src/modules/driver/driver.controller.ts,drivers,PATCH,vacations/:id/cancel,/DRIVERS/VACATIONS/{PARAM}/CANCEL
bthwani-project-main/backend-nest/src/modules/driver/driver.controller.ts,drivers,GET,vacations/balance,/DRIVERS/VACATIONS/BALANCE
bthwani-project-main/backend-nest/src/modules/driver/driver.controller.ts,drivers,GET,vacations/policy,/DRIVERS/VACATIONS/POLICY
bthwani-project-main/backend-nest/src/modules/driver/driver.controller.ts,drivers,GET,orders/available,/DRIVERS/ORDERS/AVAILABLE
bthwani-project-main/backend-nest/src/modules/driver/driver.controller.ts,drivers,POST,orders/:id/accept,/DRIVERS/ORDERS/{PARAM}/ACCEPT
bthwani-project-main/backend-nest/src/modules/driver/driver.controller.ts,drivers,POST,orders/:id/reject,/DRIVERS/ORDERS/{PARAM}/REJECT
bthwani-project-main/backend-nest/src/modules/driver/driver.controller.ts,drivers,POST,orders/:id/start-delivery,/DRIVERS/ORDERS/{PARAM}/START-DELIVERY
bthwani-project-main/backend-nest/src/modules/driver/driver.controller.ts,drivers,POST,orders/:id/complete,/DRIVERS/ORDERS/{PARAM}/COMPLETE
bthwani-project-main/backend-nest/src/modules/driver/driver.controller.ts,drivers,GET,orders/history,/DRIVERS/ORDERS/HISTORY
bthwani-project-main/backend-nest/src/modules/driver/driver.controller.ts,drivers,POST,issues/report,/DRIVERS/ISSUES/REPORT
bthwani-project-main/backend-nest/src/modules/driver/driver.controller.ts,drivers,POST,change-password,/DRIVERS/CHANGE-PASSWORD
bthwani-project-main/backend-nest/src/modules/er/employees-compat.controller.ts,employees,DELETE,:id,/EMPLOYEES/{PARAM}
bthwani-project-main/backend-nest/src/modules/er/er.controller.ts,er,POST,employees,/ER/EMPLOYEES
bthwani-project-main/backend-nest/src/modules/er/er.controller.ts,er,GET,employees,/ER/EMPLOYEES
bthwani-project-main/backend-nest/src/modules/er/er.controller.ts,er,GET,employees/:id,/ER/EMPLOYEES/{PARAM}
bthwani-project-main/backend-nest/src/modules/er/er.controller.ts,er,PATCH,employees/:id,/ER/EMPLOYEES/{PARAM}
bthwani-project-main/backend-nest/src/modules/er/er.controller.ts,er,DELETE,employees/:id,/ER/EMPLOYEES/{PARAM}
bthwani-project-main/backend-nest/src/modules/er/er.controller.ts,er,POST,attendance/check-in,/ER/ATTENDANCE/CHECK-IN
bthwani-project-main/backend-nest/src/modules/er/er.controller.ts,er,POST,attendance/check-out,/ER/ATTENDANCE/CHECK-OUT
bthwani-project-main/backend-nest/src/modules/er/er.controller.ts,er,GET,attendance/:employeeId,/ER/ATTENDANCE/{PARAM}
bthwani-project-main/backend-nest/src/modules/er/er.controller.ts,er,POST,leave-requests,/ER/LEAVE-REQUESTS
bthwani-project-main/backend-nest/src/modules/er/er.controller.ts,er,PATCH,leave-requests/:id/approve,/ER/LEAVE-REQUESTS/{PARAM}/APPROVE
bthwani-project-main/backend-nest/src/modules/er/er.controller.ts,er,PATCH,leave-requests/:id/reject,/ER/LEAVE-REQUESTS/{PARAM}/REJECT
bthwani-project-main/backend-nest/src/modules/er/er.controller.ts,er,POST,payroll/generate,/ER/PAYROLL/GENERATE
bthwani-project-main/backend-nest/src/modules/er/er.controller.ts,er,PATCH,payroll/:id/approve,/ER/PAYROLL/{PARAM}/APPROVE
bthwani-project-main/backend-nest/src/modules/er/er.controller.ts,er,PATCH,payroll/:id/mark-paid,/ER/PAYROLL/{PARAM}/MARK-PAID
bthwani-project-main/backend-nest/src/modules/er/er.controller.ts,er,POST,accounts,/ER/ACCOUNTS
bthwani-project-main/backend-nest/src/modules/er/er.controller.ts,er,GET,accounts,/ER/ACCOUNTS
bthwani-project-main/backend-nest/src/modules/er/er.controller.ts,er,GET,accounts/:id,/ER/ACCOUNTS/{PARAM}
bthwani-project-main/backend-nest/src/modules/er/er.controller.ts,er,POST,journal-entries,/ER/JOURNAL-ENTRIES
bthwani-project-main/backend-nest/src/modules/er/er.controller.ts,er,GET,journal-entries,/ER/JOURNAL-ENTRIES
bthwani-project-main/backend-nest/src/modules/er/er.controller.ts,er,PATCH,journal-entries/:id/post,/ER/JOURNAL-ENTRIES/{PARAM}/POST
bthwani-project-main/backend-nest/src/modules/er/er.controller.ts,er,GET,reports/trial-balance,/ER/REPORTS/TRIAL-BALANCE
bthwani-project-main/backend-nest/src/modules/er/er.controller.ts,er,DELETE,assets/:id,/ER/ASSETS/{PARAM}
bthwani-project-main/backend-nest/src/modules/er/er.controller.ts,er,DELETE,accounts/chart/:id,/ER/ACCOUNTS/CHART/{PARAM}
bthwani-project-main/backend-nest/src/modules/er/er.controller.ts,er,DELETE,documents/:id,/ER/DOCUMENTS/{PARAM}
bthwani-project-main/backend-nest/src/modules/er/er.controller.ts,er,GET,documents/:id/download,/ER/DOCUMENTS/{PARAM}/DOWNLOAD
bthwani-project-main/backend-nest/src/modules/er/er.controller.ts,er,DELETE,documents/bulk,/ER/DOCUMENTS/BULK
bthwani-project-main/backend-nest/src/modules/er/er.controller.ts,er,GET,documents/export,/ER/DOCUMENTS/EXPORT
bthwani-project-main/backend-nest/src/modules/er/er.controller.ts,er,DELETE,payroll/:id,/ER/PAYROLL/{PARAM}
bthwani-project-main/backend-nest/src/modules/es3afni/es3afni.controller.ts,es3afni,POST,/,/ES3AFNI
bthwani-project-main/backend-nest/src/modules/es3afni/es3afni.controller.ts,es3afni,GET,/,/ES3AFNI
bthwani-project-main/backend-nest/src/modules/es3afni/es3afni.controller.ts,es3afni,GET,:id,/ES3AFNI/{PARAM}
bthwani-project-main/backend-nest/src/modules/es3afni/es3afni.controller.ts,es3afni,PATCH,:id,/ES3AFNI/{PARAM}
bthwani-project-main/backend-nest/src/modules/es3afni/es3afni.controller.ts,es3afni,DELETE,:id,/ES3AFNI/{PARAM}
bthwani-project-main/backend-nest/src/modules/finance/finance.controller.ts,finance,POST,commissions,/FINANCE/COMMISSIONS
bthwani-project-main/backend-nest/src/modules/finance/finance.controller.ts,finance,GET,commissions/my,/FINANCE/COMMISSIONS/MY
bthwani-project-main/backend-nest/src/modules/finance/finance.controller.ts,finance,GET,commissions/stats/my,/FINANCE/COMMISSIONS/STATS/MY
bthwani-project-main/backend-nest/src/modules/finance/finance.controller.ts,finance,PATCH,commissions/:id/approve,/FINANCE/COMMISSIONS/{PARAM}/APPROVE
bthwani-project-main/backend-nest/src/modules/finance/finance.controller.ts,finance,PATCH,commissions/:id/cancel,/FINANCE/COMMISSIONS/{PARAM}/CANCEL
bthwani-project-main/backend-nest/src/modules/finance/finance.controller.ts,finance,POST,payouts/batches,/FINANCE/PAYOUTS/BATCHES
bthwani-project-main/backend-nest/src/modules/finance/finance.controller.ts,finance,GET,payouts/batches,/FINANCE/PAYOUTS/BATCHES
bthwani-project-main/backend-nest/src/modules/finance/finance.controller.ts,finance,GET,payouts/batches/:id,/FINANCE/PAYOUTS/BATCHES/{PARAM}
bthwani-project-main/backend-nest/src/modules/finance/finance.controller.ts,finance,GET,payouts/batches/:id/items,/FINANCE/PAYOUTS/BATCHES/{PARAM}/ITEMS
bthwani-project-main/backend-nest/src/modules/finance/finance.controller.ts,finance,PATCH,payouts/batches/:id/approve,/FINANCE/PAYOUTS/BATCHES/{PARAM}/APPROVE
bthwani-project-main/backend-nest/src/modules/finance/finance.controller.ts,finance,PATCH,payouts/batches/:id/complete,/FINANCE/PAYOUTS/BATCHES/{PARAM}/COMPLETE
bthwani-project-main/backend-nest/src/modules/finance/finance.controller.ts,finance,POST,settlements,/FINANCE/SETTLEMENTS
bthwani-project-main/backend-nest/src/modules/finance/finance.controller.ts,finance,GET,settlements/entity/:entityId,/FINANCE/SETTLEMENTS/ENTITY/{PARAM}
bthwani-project-main/backend-nest/src/modules/finance/finance.controller.ts,finance,GET,settlements/:id,/FINANCE/SETTLEMENTS/{PARAM}
bthwani-project-main/backend-nest/src/modules/finance/finance.controller.ts,finance,PATCH,settlements/:id/approve,/FINANCE/SETTLEMENTS/{PARAM}/APPROVE
bthwani-project-main/backend-nest/src/modules/finance/finance.controller.ts,finance,POST,coupons,/FINANCE/COUPONS
bthwani-project-main/backend-nest/src/modules/finance/finance.controller.ts,finance,POST,coupons/validate,/FINANCE/COUPONS/VALIDATE
bthwani-project-main/backend-nest/src/modules/finance/finance.controller.ts,finance,GET,coupons,/FINANCE/COUPONS
bthwani-project-main/backend-nest/src/modules/finance/finance.controller.ts,finance,PATCH,coupons/:id,/FINANCE/COUPONS/{PARAM}
bthwani-project-main/backend-nest/src/modules/finance/finance.controller.ts,finance,POST,reconciliations,/FINANCE/RECONCILIATIONS
bthwani-project-main/backend-nest/src/modules/finance/finance.controller.ts,finance,GET,reconciliations,/FINANCE/RECONCILIATIONS
bthwani-project-main/backend-nest/src/modules/finance/finance.controller.ts,finance,GET,reconciliations/:id,/FINANCE/RECONCILIATIONS/{PARAM}
bthwani-project-main/backend-nest/src/modules/finance/finance.controller.ts,finance,PATCH,reconciliations/:id/actual-totals,/FINANCE/RECONCILIATIONS/{PARAM}/ACTUAL-TOTALS
bthwani-project-main/backend-nest/src/modules/finance/finance.controller.ts,finance,POST,reconciliations/:id/issues,/FINANCE/RECONCILIATIONS/{PARAM}/ISSUES
bthwani-project-main/backend-nest/src/modules/finance/finance.controller.ts,finance,PATCH,reconciliations/:id/issues/:issueIndex/resolve,/FINANCE/RECONCILIATIONS/{PARAM}/ISSUES/{PARAM}/RESOLVE
bthwani-project-main/backend-nest/src/modules/finance/finance.controller.ts,finance,POST,reports/daily,/FINANCE/REPORTS/DAILY
bthwani-project-main/backend-nest/src/modules/finance/finance.controller.ts,finance,GET,reports/daily/:date,/FINANCE/REPORTS/DAILY/{PARAM}
bthwani-project-main/backend-nest/src/modules/finance/finance.controller.ts,finance,GET,reports,/FINANCE/REPORTS
bthwani-project-main/backend-nest/src/modules/finance/finance.controller.ts,finance,PATCH,reports/:id/finalize,/FINANCE/REPORTS/{PARAM}/FINALIZE
bthwani-project-main/backend-nest/src/modules/finance/finance.controller.ts,finance,GET,commission-plans,/FINANCE/COMMISSION-PLANS
bthwani-project-main/backend-nest/src/modules/finance/finance.controller.ts,finance,POST,commission-plans,/FINANCE/COMMISSION-PLANS
bthwani-project-main/backend-nest/src/modules/finance/finance.controller.ts,finance,PATCH,commission-plans/:id,/FINANCE/COMMISSION-PLANS/{PARAM}
bthwani-project-main/backend-nest/src/modules/health/health.controller.ts,health,GET,/,/HEALTH
bthwani-project-main/backend-nest/src/modules/health/health.controller.ts,health,GET,liveness,/HEALTH/LIVENESS
bthwani-project-main/backend-nest/src/modules/health/health.controller.ts,health,GET,readiness,/HEALTH/READINESS
bthwani-project-main/backend-nest/src/modules/health/health.controller.ts,health,GET,advanced,/HEALTH/ADVANCED
bthwani-project-main/backend-nest/src/modules/health/health.controller.ts,health,GET,startup,/HEALTH/STARTUP
bthwani-project-main/backend-nest/src/modules/health/health.controller.ts,health,GET,detailed,/HEALTH/DETAILED
bthwani-project-main/backend-nest/src/modules/health/health.controller.ts,health,GET,metrics,/HEALTH/METRICS
bthwani-project-main/backend-nest/src/modules/health/health.controller.ts,health,GET,info,/HEALTH/INFO
bthwani-project-main/backend-nest/src/modules/kawader/kawader.controller.ts,kawader,POST,/,/KAWADER
bthwani-project-main/backend-nest/src/modules/kawader/kawader.controller.ts,kawader,GET,/,/KAWADER
bthwani-project-main/backend-nest/src/modules/kawader/kawader.controller.ts,kawader,GET,:id,/KAWADER/{PARAM}
bthwani-project-main/backend-nest/src/modules/kawader/kawader.controller.ts,kawader,PATCH,:id,/KAWADER/{PARAM}
bthwani-project-main/backend-nest/src/modules/kawader/kawader.controller.ts,kawader,DELETE,:id,/KAWADER/{PARAM}
bthwani-project-main/backend-nest/src/modules/kenz/kenz.controller.ts,kenz,POST,/,/KENZ
bthwani-project-main/backend-nest/src/modules/kenz/kenz.controller.ts,kenz,GET,/,/KENZ
bthwani-project-main/backend-nest/src/modules/kenz/kenz.controller.ts,kenz,GET,:id,/KENZ/{PARAM}
bthwani-project-main/backend-nest/src/modules/kenz/kenz.controller.ts,kenz,PATCH,:id,/KENZ/{PARAM}
bthwani-project-main/backend-nest/src/modules/kenz/kenz.controller.ts,kenz,DELETE,:id,/KENZ/{PARAM}
bthwani-project-main/backend-nest/src/modules/legal/legal.controller.ts,legal,GET,privacy-policy,/LEGAL/PRIVACY-POLICY
bthwani-project-main/backend-nest/src/modules/legal/legal.controller.ts,legal,GET,terms-of-service,/LEGAL/TERMS-OF-SERVICE
bthwani-project-main/backend-nest/src/modules/legal/legal.controller.ts,legal,POST,consent,/LEGAL/CONSENT
bthwani-project-main/backend-nest/src/modules/legal/legal.controller.ts,legal,GET,consent/my,/LEGAL/CONSENT/MY
bthwani-project-main/backend-nest/src/modules/legal/legal.controller.ts,legal,GET,consent/check/:type,/LEGAL/CONSENT/CHECK/{PARAM}
bthwani-project-main/backend-nest/src/modules/legal/legal.controller.ts,legal,GET,admin/privacy-policies,/LEGAL/ADMIN/PRIVACY-POLICIES
bthwani-project-main/backend-nest/src/modules/legal/legal.controller.ts,legal,POST,admin/privacy-policy,/LEGAL/ADMIN/PRIVACY-POLICY
bthwani-project-main/backend-nest/src/modules/legal/legal.controller.ts,legal,PATCH,admin/privacy-policy/:id/activate,/LEGAL/ADMIN/PRIVACY-POLICY/{PARAM}/ACTIVATE
bthwani-project-main/backend-nest/src/modules/legal/legal.controller.ts,legal,GET,admin/terms-of-service,/LEGAL/ADMIN/TERMS-OF-SERVICE
bthwani-project-main/backend-nest/src/modules/legal/legal.controller.ts,legal,POST,admin/terms-of-service,/LEGAL/ADMIN/TERMS-OF-SERVICE
bthwani-project-main/backend-nest/src/modules/legal/legal.controller.ts,legal,PATCH,admin/terms-of-service/:id/activate,/LEGAL/ADMIN/TERMS-OF-SERVICE/{PARAM}/ACTIVATE
bthwani-project-main/backend-nest/src/modules/legal/legal.controller.ts,legal,GET,admin/consent/statistics,/LEGAL/ADMIN/CONSENT/STATISTICS
bthwani-project-main/backend-nest/src/modules/maarouf/maarouf.controller.ts,maarouf,POST,/,/MAAROUF
bthwani-project-main/backend-nest/src/modules/maarouf/maarouf.controller.ts,maarouf,GET,/,/MAAROUF
bthwani-project-main/backend-nest/src/modules/maarouf/maarouf.controller.ts,maarouf,GET,:id,/MAAROUF/{PARAM}
bthwani-project-main/backend-nest/src/modules/maarouf/maarouf.controller.ts,maarouf,PATCH,:id,/MAAROUF/{PARAM}
bthwani-project-main/backend-nest/src/modules/maarouf/maarouf.controller.ts,maarouf,DELETE,:id,/MAAROUF/{PARAM}
bthwani-project-main/backend-nest/src/modules/marketer/marketer.controller.ts,marketer,GET,profile,/MARKETER/PROFILE
bthwani-project-main/backend-nest/src/modules/marketer/marketer.controller.ts,marketer,PATCH,profile,/MARKETER/PROFILE
bthwani-project-main/backend-nest/src/modules/marketer/marketer.controller.ts,marketer,POST,referrals/generate-code,/MARKETER/REFERRALS/GENERATE-CODE
bthwani-project-main/backend-nest/src/modules/marketer/marketer.controller.ts,marketer,GET,referrals/my,/MARKETER/REFERRALS/MY
bthwani-project-main/backend-nest/src/modules/marketer/marketer.controller.ts,marketer,GET,referrals/statistics,/MARKETER/REFERRALS/STATISTICS
bthwani-project-main/backend-nest/src/modules/marketer/marketer.controller.ts,marketer,GET,stores/my,/MARKETER/STORES/MY
bthwani-project-main/backend-nest/src/modules/marketer/marketer.controller.ts,marketer,GET,stores/:id,/MARKETER/STORES/{PARAM}
bthwani-project-main/backend-nest/src/modules/marketer/marketer.controller.ts,marketer,GET,stores/:id/performance,/MARKETER/STORES/{PARAM}/PERFORMANCE
bthwani-project-main/backend-nest/src/modules/marketer/marketer.controller.ts,marketer,GET,vendors/my,/MARKETER/VENDORS/MY
bthwani-project-main/backend-nest/src/modules/marketer/marketer.controller.ts,marketer,GET,vendors/:id,/MARKETER/VENDORS/{PARAM}
bthwani-project-main/backend-nest/src/modules/marketer/marketer.controller.ts,marketer,GET,commissions/my,/MARKETER/COMMISSIONS/MY
bthwani-project-main/backend-nest/src/modules/marketer/marketer.controller.ts,marketer,GET,commissions/statistics,/MARKETER/COMMISSIONS/STATISTICS
bthwani-project-main/backend-nest/src/modules/marketer/marketer.controller.ts,marketer,GET,commissions/pending,/MARKETER/COMMISSIONS/PENDING
bthwani-project-main/backend-nest/src/modules/marketer/marketer.controller.ts,marketer,GET,overview,/MARKETER/OVERVIEW
bthwani-project-main/backend-nest/src/modules/marketer/marketer.controller.ts,marketer,GET,statistics/today,/MARKETER/STATISTICS/TODAY
bthwani-project-main/backend-nest/src/modules/marketer/marketer.controller.ts,marketer,GET,statistics/month,/MARKETER/STATISTICS/MONTH
bthwani-project-main/backend-nest/src/modules/marketer/marketer.controller.ts,marketer,GET,earnings,/MARKETER/EARNINGS
bthwani-project-main/backend-nest/src/modules/marketer/marketer.controller.ts,marketer,GET,earnings/breakdown,/MARKETER/EARNINGS/BREAKDOWN
bthwani-project-main/backend-nest/src/modules/marketer/marketer.controller.ts,marketer,POST,files/upload,/MARKETER/FILES/UPLOAD
bthwani-project-main/backend-nest/src/modules/marketer/marketer.controller.ts,marketer,GET,files,/MARKETER/FILES
bthwani-project-main/backend-nest/src/modules/marketer/marketer.controller.ts,marketer,GET,notifications,/MARKETER/NOTIFICATIONS
bthwani-project-main/backend-nest/src/modules/marketer/marketer.controller.ts,marketer,PATCH,notifications/:id/read,/MARKETER/NOTIFICATIONS/{PARAM}/READ
bthwani-project-main/backend-nest/src/modules/marketer/marketer.controller.ts,marketer,GET,territory/stats,/MARKETER/TERRITORY/STATS
bthwani-project-main/backend-nest/src/modules/merchant/merchant.controller.ts,merchants,POST,/,/MERCHANTS
bthwani-project-main/backend-nest/src/modules/merchant/merchant.controller.ts,merchants,GET,/,/MERCHANTS
bthwani-project-main/backend-nest/src/modules/merchant/merchant.controller.ts,merchants,GET,:id,/MERCHANTS/{PARAM}
bthwani-project-main/backend-nest/src/modules/merchant/merchant.controller.ts,merchants,PATCH,:id,/MERCHANTS/{PARAM}
bthwani-project-main/backend-nest/src/modules/merchant/merchant.controller.ts,merchants,DELETE,:id,/MERCHANTS/{PARAM}
bthwani-project-main/backend-nest/src/modules/merchant/merchant.controller.ts,merchants,POST,catalog/products,/MERCHANTS/CATALOG/PRODUCTS
bthwani-project-main/backend-nest/src/modules/merchant/merchant.controller.ts,merchants,GET,catalog/products,/MERCHANTS/CATALOG/PRODUCTS
bthwani-project-main/backend-nest/src/modules/merchant/merchant.controller.ts,merchants,GET,catalog/products/:id,/MERCHANTS/CATALOG/PRODUCTS/{PARAM}
bthwani-project-main/backend-nest/src/modules/merchant/merchant.controller.ts,merchants,PATCH,catalog/products/:id,/MERCHANTS/CATALOG/PRODUCTS/{PARAM}
bthwani-project-main/backend-nest/src/modules/merchant/merchant.controller.ts,merchants,GET,products,/MERCHANTS/PRODUCTS
bthwani-project-main/backend-nest/src/modules/merchant/merchant.controller.ts,merchants,POST,products,/MERCHANTS/PRODUCTS
bthwani-project-main/backend-nest/src/modules/merchant/merchant.controller.ts,merchants,GET,products/:id,/MERCHANTS/PRODUCTS/{PARAM}
bthwani-project-main/backend-nest/src/modules/merchant/merchant.controller.ts,merchants,GET,:merchantId/products,/MERCHANTS/{PARAM}/PRODUCTS
bthwani-project-main/backend-nest/src/modules/merchant/merchant.controller.ts,merchants,GET,stores/:storeId/products,/MERCHANTS/STORES/{PARAM}/PRODUCTS
bthwani-project-main/backend-nest/src/modules/merchant/merchant.controller.ts,merchants,PATCH,products/:id,/MERCHANTS/PRODUCTS/{PARAM}
bthwani-project-main/backend-nest/src/modules/merchant/merchant.controller.ts,merchants,PATCH,products/:id/stock,/MERCHANTS/PRODUCTS/{PARAM}/STOCK
bthwani-project-main/backend-nest/src/modules/merchant/merchant.controller.ts,merchants,DELETE,products/:id,/MERCHANTS/PRODUCTS/{PARAM}
bthwani-project-main/backend-nest/src/modules/merchant/merchant.controller.ts,merchants,POST,categories,/MERCHANTS/CATEGORIES
bthwani-project-main/backend-nest/src/modules/merchant/merchant.controller.ts,merchants,GET,categories,/MERCHANTS/CATEGORIES
bthwani-project-main/backend-nest/src/modules/merchant/merchant.controller.ts,merchants,PATCH,categories/:id,/MERCHANTS/CATEGORIES/{PARAM}
bthwani-project-main/backend-nest/src/modules/merchant/merchant.controller.ts,merchants,DELETE,categories/:id,/MERCHANTS/CATEGORIES/{PARAM}
bthwani-project-main/backend-nest/src/modules/merchant/merchant.controller.ts,merchants,POST,attributes,/MERCHANTS/ATTRIBUTES
bthwani-project-main/backend-nest/src/modules/merchant/merchant.controller.ts,merchants,GET,attributes,/MERCHANTS/ATTRIBUTES
bthwani-project-main/backend-nest/src/modules/merchant/merchant.controller.ts,merchants,PATCH,attributes/:id,/MERCHANTS/ATTRIBUTES/{PARAM}
bthwani-project-main/backend-nest/src/modules/merchant/merchant.controller.ts,merchants,DELETE,attributes/:id,/MERCHANTS/ATTRIBUTES/{PARAM}
bthwani-project-main/backend-nest/src/modules/metrics/metrics.controller.ts,metrics,GET,/,/METRICS
bthwani-project-main/backend-nest/src/modules/metrics/metrics.controller.ts,metrics,GET,json,/METRICS/JSON
bthwani-project-main/backend-nest/src/modules/notification/notification.controller.ts,notifications,POST,/,/NOTIFICATIONS
bthwani-project-main/backend-nest/src/modules/notification/notification.controller.ts,notifications,GET,my,/NOTIFICATIONS/MY
bthwani-project-main/backend-nest/src/modules/notification/notification.controller.ts,notifications,POST,:id/read,/NOTIFICATIONS/{PARAM}/READ
bthwani-project-main/backend-nest/src/modules/notification/notification.controller.ts,notifications,GET,unread/count,/NOTIFICATIONS/UNREAD/COUNT
bthwani-project-main/backend-nest/src/modules/notification/notification.controller.ts,notifications,POST,read-all,/NOTIFICATIONS/READ-ALL
bthwani-project-main/backend-nest/src/modules/notification/notification.controller.ts,notifications,DELETE,:id,/NOTIFICATIONS/{PARAM}
bthwani-project-main/backend-nest/src/modules/notification/notification.controller.ts,notifications,POST,suppression,/NOTIFICATIONS/SUPPRESSION
bthwani-project-main/backend-nest/src/modules/notification/notification.controller.ts,notifications,GET,suppression,/NOTIFICATIONS/SUPPRESSION
bthwani-project-main/backend-nest/src/modules/notification/notification.controller.ts,notifications,GET,suppression/channels,/NOTIFICATIONS/SUPPRESSION/CHANNELS
bthwani-project-main/backend-nest/src/modules/notification/notification.controller.ts,notifications,DELETE,suppression/:id,/NOTIFICATIONS/SUPPRESSION/{PARAM}
bthwani-project-main/backend-nest/src/modules/notification/notification.controller.ts,notifications,DELETE,suppression/channel/:channel,/NOTIFICATIONS/SUPPRESSION/CHANNEL/{PARAM}
bthwani-project-main/backend-nest/src/modules/notification/notification.controller.ts,notifications,GET,suppression/stats,/NOTIFICATIONS/SUPPRESSION/STATS
bthwani-project-main/backend-nest/src/modules/notification/notification.controller.ts,notifications,POST,send-bulk,/NOTIFICATIONS/SEND-BULK
bthwani-project-main/backend-nest/src/modules/onboarding/onboarding.controller.ts,onboarding,POST,/,/ONBOARDING
bthwani-project-main/backend-nest/src/modules/onboarding/onboarding.controller.ts,onboarding,GET,my,/ONBOARDING/MY
bthwani-project-main/backend-nest/src/modules/onboarding/onboarding.controller.ts,onboarding,POST,quick-onboard,/ONBOARDING/QUICK-ONBOARD
bthwani-project-main/backend-nest/src/modules/onboarding/onboarding.controller.ts,onboarding,GET,applications,/ONBOARDING/APPLICATIONS
bthwani-project-main/backend-nest/src/modules/onboarding/onboarding.controller.ts,onboarding,GET,:id/details,/ONBOARDING/{PARAM}/DETAILS
bthwani-project-main/backend-nest/src/modules/onboarding/onboarding.controller.ts,onboarding,PATCH,:id/approve,/ONBOARDING/{PARAM}/APPROVE
bthwani-project-main/backend-nest/src/modules/onboarding/onboarding.controller.ts,onboarding,PATCH,:id/reject,/ONBOARDING/{PARAM}/REJECT
bthwani-project-main/backend-nest/src/modules/onboarding/onboarding.controller.ts,onboarding,GET,statistics,/ONBOARDING/STATISTICS
bthwani-project-main/backend-nest/src/modules/order/order-cqrs.controller.ts,orders-cqrs,POST,/,/ORDERS-CQRS
bthwani-project-main/backend-nest/src/modules/order/order-cqrs.controller.ts,orders-cqrs,PATCH,:id/status,/ORDERS-CQRS/{PARAM}/STATUS
bthwani-project-main/backend-nest/src/modules/order/order-cqrs.controller.ts,orders-cqrs,POST,:id/assign-driver,/ORDERS-CQRS/{PARAM}/ASSIGN-DRIVER
bthwani-project-main/backend-nest/src/modules/order/order-cqrs.controller.ts,orders-cqrs,POST,:id/cancel,/ORDERS-CQRS/{PARAM}/CANCEL
bthwani-project-main/backend-nest/src/modules/order/order-cqrs.controller.ts,orders-cqrs,GET,:id,/ORDERS-CQRS/{PARAM}
bthwani-project-main/backend-nest/src/modules/order/order-cqrs.controller.ts,orders-cqrs,GET,/,/ORDERS-CQRS
bthwani-project-main/backend-nest/src/modules/order/order.controller.ts,delivery/order,GET,/,/DELIVERY/ORDER
bthwani-project-main/backend-nest/src/modules/order/order.controller.ts,delivery/order,POST,/,/DELIVERY/ORDER
bthwani-project-main/backend-nest/src/modules/order/order.controller.ts,delivery/order,GET,user/:userId,/DELIVERY/ORDER/USER/{PARAM}
bthwani-project-main/backend-nest/src/modules/order/order.controller.ts,delivery/order,GET,my-orders,/DELIVERY/ORDER/MY-ORDERS
bthwani-project-main/backend-nest/src/modules/order/order.controller.ts,delivery/order,GET,:id,/DELIVERY/ORDER/{PARAM}
bthwani-project-main/backend-nest/src/modules/order/order.controller.ts,delivery/order,POST,:id/assign-driver,/DELIVERY/ORDER/{PARAM}/ASSIGN-DRIVER
bthwani-project-main/backend-nest/src/modules/order/order.controller.ts,delivery/order,POST,:id/notes,/DELIVERY/ORDER/{PARAM}/NOTES
bthwani-project-main/backend-nest/src/modules/order/order.controller.ts,delivery/order,GET,:id/notes,/DELIVERY/ORDER/{PARAM}/NOTES
bthwani-project-main/backend-nest/src/modules/order/order.controller.ts,delivery/order,GET,vendor/orders,/DELIVERY/ORDER/VENDOR/ORDERS
bthwani-project-main/backend-nest/src/modules/order/order.controller.ts,delivery/order,POST,:id/vendor-accept,/DELIVERY/ORDER/{PARAM}/VENDOR-ACCEPT
bthwani-project-main/backend-nest/src/modules/order/order.controller.ts,delivery/order,POST,:id/vendor-cancel,/DELIVERY/ORDER/{PARAM}/VENDOR-CANCEL
bthwani-project-main/backend-nest/src/modules/order/order.controller.ts,delivery/order,POST,:id/pod,/DELIVERY/ORDER/{PARAM}/POD
bthwani-project-main/backend-nest/src/modules/order/order.controller.ts,delivery/order,GET,:id/pod,/DELIVERY/ORDER/{PARAM}/POD
bthwani-project-main/backend-nest/src/modules/order/order.controller.ts,delivery/order,POST,:id/cancel,/DELIVERY/ORDER/{PARAM}/CANCEL
bthwani-project-main/backend-nest/src/modules/order/order.controller.ts,delivery/order,POST,:id/return,/DELIVERY/ORDER/{PARAM}/RETURN
bthwani-project-main/backend-nest/src/modules/order/order.controller.ts,delivery/order,POST,:id/rate,/DELIVERY/ORDER/{PARAM}/RATE
bthwani-project-main/backend-nest/src/modules/order/order.controller.ts,delivery/order,POST,:id/repeat,/DELIVERY/ORDER/{PARAM}/REPEAT
bthwani-project-main/backend-nest/src/modules/order/order.controller.ts,delivery/order,PATCH,:id/admin-status,/DELIVERY/ORDER/{PARAM}/ADMIN-STATUS
bthwani-project-main/backend-nest/src/modules/order/order.controller.ts,delivery/order,GET,export,/DELIVERY/ORDER/EXPORT
bthwani-project-main/backend-nest/src/modules/order/order.controller.ts,delivery/order,GET,:id/tracking,/DELIVERY/ORDER/{PARAM}/TRACKING
bthwani-project-main/backend-nest/src/modules/order/order.controller.ts,delivery/order,POST,:id/schedule,/DELIVERY/ORDER/{PARAM}/SCHEDULE
bthwani-project-main/backend-nest/src/modules/order/order.controller.ts,delivery/order,GET,public/:id/status,/DELIVERY/ORDER/PUBLIC/{PARAM}/STATUS
bthwani-project-main/backend-nest/src/modules/order/order.controller.ts,delivery/order,GET,:id/live-tracking,/DELIVERY/ORDER/{PARAM}/LIVE-TRACKING
bthwani-project-main/backend-nest/src/modules/order/order.controller.ts,delivery/order,GET,:id/driver-eta,/DELIVERY/ORDER/{PARAM}/DRIVER-ETA
bthwani-project-main/backend-nest/src/modules/order/order.controller.ts,delivery/order,POST,:id/update-location,/DELIVERY/ORDER/{PARAM}/UPDATE-LOCATION
bthwani-project-main/backend-nest/src/modules/order/order.controller.ts,delivery/order,GET,:id/route-history,/DELIVERY/ORDER/{PARAM}/ROUTE-HISTORY
bthwani-project-main/backend-nest/src/modules/order/order.controller.ts,delivery/order,GET,:id/delivery-timeline,/DELIVERY/ORDER/{PARAM}/DELIVERY-TIMELINE
bthwani-project-main/backend-nest/src/modules/payments/payments.controller.ts,api/v2/payments,POST,holds,/API/V2/PAYMENTS/HOLDS
bthwani-project-main/backend-nest/src/modules/payments/payments.controller.ts,api/v2/payments,POST,holds/:holdId/release,/API/V2/PAYMENTS/HOLDS/{PARAM}/RELEASE
bthwani-project-main/backend-nest/src/modules/payments/payments.controller.ts,api/v2/payments,POST,holds/:holdId/refund,/API/V2/PAYMENTS/HOLDS/{PARAM}/REFUND
bthwani-project-main/backend-nest/src/modules/payments/payments.controller.ts,api/v2/payments,GET,holds/:holdId,/API/V2/PAYMENTS/HOLDS/{PARAM}
bthwani-project-main/backend-nest/src/modules/payments/payments.controller.ts,api/v2/payments,GET,holds/my,/API/V2/PAYMENTS/HOLDS/MY
bthwani-project-main/backend-nest/src/modules/promotion/promotion.controller.ts,promotions,GET,by-placement,/PROMOTIONS/BY-PLACEMENT
bthwani-project-main/backend-nest/src/modules/promotion/promotion.controller.ts,promotions,POST,:id/click,/PROMOTIONS/{PARAM}/CLICK
bthwani-project-main/backend-nest/src/modules/promotion/promotion.controller.ts,promotions,POST,:id/conversion,/PROMOTIONS/{PARAM}/CONVERSION
bthwani-project-main/backend-nest/src/modules/promotion/promotion.controller.ts,promotions,POST,/,/PROMOTIONS
bthwani-project-main/backend-nest/src/modules/promotion/promotion.controller.ts,promotions,GET,/,/PROMOTIONS
bthwani-project-main/backend-nest/src/modules/promotion/promotion.controller.ts,promotions,GET,:id,/PROMOTIONS/{PARAM}
bthwani-project-main/backend-nest/src/modules/promotion/promotion.controller.ts,promotions,PATCH,:id,/PROMOTIONS/{PARAM}
bthwani-project-main/backend-nest/src/modules/promotion/promotion.controller.ts,promotions,DELETE,:id,/PROMOTIONS/{PARAM}
bthwani-project-main/backend-nest/src/modules/promotion/promotion.controller.ts,promotions,GET,stats/overview,/PROMOTIONS/STATS/OVERVIEW
bthwani-project-main/backend-nest/src/modules/promotion/promotions-by-stores.controller.ts,delivery/promotions,GET,by-stores,/DELIVERY/PROMOTIONS/BY-STORES
bthwani-project-main/backend-nest/src/modules/sanad/sanad.controller.ts,api/v2/sanad,POST,/,/API/V2/SANAD
bthwani-project-main/backend-nest/src/modules/sanad/sanad.controller.ts,api/v2/sanad,GET,/,/API/V2/SANAD
bthwani-project-main/backend-nest/src/modules/sanad/sanad.controller.ts,api/v2/sanad,GET,:id,/API/V2/SANAD/{PARAM}
bthwani-project-main/backend-nest/src/modules/sanad/sanad.controller.ts,api/v2/sanad,PATCH,:id,/API/V2/SANAD/{PARAM}
bthwani-project-main/backend-nest/src/modules/sanad/sanad.controller.ts,api/v2/sanad,DELETE,:id,/API/V2/SANAD/{PARAM}
bthwani-project-main/backend-nest/src/modules/sanad/sanad.controller.ts,api/v2/sanad,GET,my,/API/V2/SANAD/MY
bthwani-project-main/backend-nest/src/modules/sanad/sanad.controller.ts,api/v2/sanad,GET,search,/API/V2/SANAD/SEARCH
bthwani-project-main/backend-nest/src/modules/shift/shift.controller.ts,shifts,GET,/,/SHIFTS
bthwani-project-main/backend-nest/src/modules/shift/shift.controller.ts,shifts,POST,/,/SHIFTS
bthwani-project-main/backend-nest/src/modules/shift/shift.controller.ts,shifts,PATCH,:id,/SHIFTS/{PARAM}
bthwani-project-main/backend-nest/src/modules/shift/shift.controller.ts,shifts,POST,:shiftId/assign/:driverId,/SHIFTS/{PARAM}/ASSIGN/{PARAM}
bthwani-project-main/backend-nest/src/modules/shift/shift.controller.ts,shifts,GET,driver/:driverId,/SHIFTS/DRIVER/{PARAM}
bthwani-project-main/backend-nest/src/modules/shift/shift.controller.ts,shifts,GET,my-shifts,/SHIFTS/MY-SHIFTS
bthwani-project-main/backend-nest/src/modules/store/delivery-categories.controller.ts,delivery/categories,GET,/,/DELIVERY/CATEGORIES
bthwani-project-main/backend-nest/src/modules/store/delivery-store.controller.ts,delivery/stores,GET,/,/DELIVERY/STORES
bthwani-project-main/backend-nest/src/modules/store/delivery-store.controller.ts,delivery/stores,GET,search,/DELIVERY/STORES/SEARCH
bthwani-project-main/backend-nest/src/modules/store/delivery-store.controller.ts,delivery/stores,GET,:id,/DELIVERY/STORES/{PARAM}
bthwani-project-main/backend-nest/src/modules/store/delivery-store.controller.ts,delivery/stores,GET,:id/products,/DELIVERY/STORES/{PARAM}/PRODUCTS
bthwani-project-main/backend-nest/src/modules/store/delivery-store.controller.ts,delivery/stores,GET,:id/statistics,/DELIVERY/STORES/{PARAM}/STATISTICS
bthwani-project-main/backend-nest/src/modules/store/delivery-store.controller.ts,delivery/stores,GET,:id/reviews,/DELIVERY/STORES/{PARAM}/REVIEWS
bthwani-project-main/backend-nest/src/modules/store/delivery-store.controller.ts,delivery/stores,PUT,:id,/DELIVERY/STORES/{PARAM}
bthwani-project-main/backend-nest/src/modules/store/groceries.controller.ts,groceries,GET,catalog,/GROCERIES/CATALOG
bthwani-project-main/backend-nest/src/modules/store/store.controller.ts,admin/stores,POST,/,/ADMIN/STORES
bthwani-project-main/backend-nest/src/modules/store/store.controller.ts,admin/stores,GET,/,/ADMIN/STORES
bthwani-project-main/backend-nest/src/modules/store/store.controller.ts,admin/stores,GET,:id,/ADMIN/STORES/{PARAM}
bthwani-project-main/backend-nest/src/modules/store/store.controller.ts,admin/stores,POST,products,/ADMIN/STORES/PRODUCTS
bthwani-project-main/backend-nest/src/modules/store/store.controller.ts,admin/stores,GET,:id/products,/ADMIN/STORES/{PARAM}/PRODUCTS
bthwani-project-main/backend-nest/src/modules/store/store.controller.ts,admin/stores,PATCH,:id,/ADMIN/STORES/{PARAM}
bthwani-project-main/backend-nest/src/modules/store/store.controller.ts,admin/stores,POST,:id/activate,/ADMIN/STORES/{PARAM}/ACTIVATE
bthwani-project-main/backend-nest/src/modules/store/store.controller.ts,admin/stores,POST,:id/deactivate,/ADMIN/STORES/{PARAM}/DEACTIVATE
bthwani-project-main/backend-nest/src/modules/store/store.controller.ts,admin/stores,POST,:id/force-close,/ADMIN/STORES/{PARAM}/FORCE-CLOSE
bthwani-project-main/backend-nest/src/modules/store/store.controller.ts,admin/stores,POST,:id/force-open,/ADMIN/STORES/{PARAM}/FORCE-OPEN
bthwani-project-main/backend-nest/src/modules/store/store.controller.ts,admin/stores,PATCH,products/:id,/ADMIN/STORES/PRODUCTS/{PARAM}
bthwani-project-main/backend-nest/src/modules/store/store.controller.ts,admin/stores,GET,:id/analytics,/ADMIN/STORES/{PARAM}/ANALYTICS
bthwani-project-main/backend-nest/src/modules/store/store.controller.ts,admin/stores,GET,products/:id/variants,/ADMIN/STORES/PRODUCTS/{PARAM}/VARIANTS
bthwani-project-main/backend-nest/src/modules/store/store.controller.ts,admin/stores,POST,products/:id/variants,/ADMIN/STORES/PRODUCTS/{PARAM}/VARIANTS
bthwani-project-main/backend-nest/src/modules/store/store.controller.ts,admin/stores,GET,:id/inventory,/ADMIN/STORES/{PARAM}/INVENTORY
bthwani-project-main/backend-nest/src/modules/store/store.controller.ts,admin/stores,DELETE,:id,/ADMIN/STORES/{PARAM}
bthwani-project-main/backend-nest/src/modules/store/store.controller.ts,admin/stores,GET,pending,/ADMIN/STORES/PENDING
bthwani-project-main/backend-nest/src/modules/store/store.controller.ts,admin/stores,POST,:id/approve,/ADMIN/STORES/{PARAM}/APPROVE
bthwani-project-main/backend-nest/src/modules/store/store.controller.ts,admin/stores,POST,:id/reject,/ADMIN/STORES/{PARAM}/REJECT
bthwani-project-main/backend-nest/src/modules/store/store.controller.ts,admin/stores,POST,:id/suspend,/ADMIN/STORES/{PARAM}/SUSPEND
bthwani-project-main/backend-nest/src/modules/support/support.controller.ts,support,POST,tickets,/SUPPORT/TICKETS
bthwani-project-main/backend-nest/src/modules/support/support.controller.ts,support,GET,tickets,/SUPPORT/TICKETS
bthwani-project-main/backend-nest/src/modules/support/support.controller.ts,support,GET,tickets/:id,/SUPPORT/TICKETS/{PARAM}
bthwani-project-main/backend-nest/src/modules/support/support.controller.ts,support,PATCH,tickets/:id/messages,/SUPPORT/TICKETS/{PARAM}/MESSAGES
bthwani-project-main/backend-nest/src/modules/support/support.controller.ts,support,PATCH,tickets/:id/rate,/SUPPORT/TICKETS/{PARAM}/RATE
bthwani-project-main/backend-nest/src/modules/support/support.controller.ts,support,GET,stats,/SUPPORT/STATS
bthwani-project-main/backend-nest/src/modules/support/support.controller.ts,support,PATCH,admin/tickets/:id/assign,/SUPPORT/ADMIN/TICKETS/{PARAM}/ASSIGN
bthwani-project-main/backend-nest/src/modules/support/support.controller.ts,support,PATCH,admin/tickets/:id/resolve,/SUPPORT/ADMIN/TICKETS/{PARAM}/RESOLVE
bthwani-project-main/backend-nest/src/modules/support/support.controller.ts,support,GET,admin/sla-metrics,/SUPPORT/ADMIN/SLA-METRICS
bthwani-project-main/backend-nest/src/modules/user/user-compat.controller.ts,user,GET,profile,/USER/PROFILE
bthwani-project-main/backend-nest/src/modules/user/user.controller.ts,users,GET,me,/USERS/ME
bthwani-project-main/backend-nest/src/modules/user/user.controller.ts,users,PATCH,me,/USERS/ME
bthwani-project-main/backend-nest/src/modules/user/user.controller.ts,users,PATCH,profile,/USERS/PROFILE
bthwani-project-main/backend-nest/src/modules/user/user.controller.ts,users,GET,addresses,/USERS/ADDRESSES
bthwani-project-main/backend-nest/src/modules/user/user.controller.ts,users,GET,address,/USERS/ADDRESS
bthwani-project-main/backend-nest/src/modules/user/user.controller.ts,users,POST,addresses,/USERS/ADDRESSES
bthwani-project-main/backend-nest/src/modules/user/user.controller.ts,users,POST,address,/USERS/ADDRESS
bthwani-project-main/backend-nest/src/modules/user/user.controller.ts,users,PATCH,addresses/:addressId,/USERS/ADDRESSES/{PARAM}
bthwani-project-main/backend-nest/src/modules/user/user.controller.ts,users,DELETE,addresses/:addressId,/USERS/ADDRESSES/{PARAM}
bthwani-project-main/backend-nest/src/modules/user/user.controller.ts,users,POST,addresses/:addressId/set-default,/USERS/ADDRESSES/{PARAM}/SET-DEFAULT
bthwani-project-main/backend-nest/src/modules/user/user.controller.ts,users,PATCH,address/:id,/USERS/ADDRESS/{PARAM}
bthwani-project-main/backend-nest/src/modules/user/user.controller.ts,users,DELETE,address/:id,/USERS/ADDRESS/{PARAM}
bthwani-project-main/backend-nest/src/modules/user/user.controller.ts,users,PATCH,default-address,/USERS/DEFAULT-ADDRESS
bthwani-project-main/backend-nest/src/modules/user/user.controller.ts,users,DELETE,deactivate,/USERS/DEACTIVATE
bthwani-project-main/backend-nest/src/modules/user/user.controller.ts,users,GET,search,/USERS/SEARCH
bthwani-project-main/backend-nest/src/modules/user/user.controller.ts,users,POST,pin/set,/USERS/PIN/SET
bthwani-project-main/backend-nest/src/modules/user/user.controller.ts,users,POST,pin/verify,/USERS/PIN/VERIFY
bthwani-project-main/backend-nest/src/modules/user/user.controller.ts,users,POST,pin/change,/USERS/PIN/CHANGE
bthwani-project-main/backend-nest/src/modules/user/user.controller.ts,users,GET,pin/status,/USERS/PIN/STATUS
bthwani-project-main/backend-nest/src/modules/user/user.controller.ts,users,DELETE,pin/reset/:userId,/USERS/PIN/RESET/{PARAM}
bthwani-project-main/backend-nest/src/modules/utility/events.controller.ts,events,POST,/,/EVENTS
bthwani-project-main/backend-nest/src/modules/utility/utility.controller.ts,utility,GET,options,/UTILITY/OPTIONS
bthwani-project-main/backend-nest/src/modules/utility/utility.controller.ts,utility,POST,calculate-price,/UTILITY/CALCULATE-PRICE
bthwani-project-main/backend-nest/src/modules/utility/utility.controller.ts,utility,POST,pricing,/UTILITY/PRICING
bthwani-project-main/backend-nest/src/modules/utility/utility.controller.ts,utility,GET,pricing,/UTILITY/PRICING
bthwani-project-main/backend-nest/src/modules/utility/utility.controller.ts,utility,GET,pricing/:city,/UTILITY/PRICING/{PARAM}
bthwani-project-main/backend-nest/src/modules/utility/utility.controller.ts,utility,PATCH,pricing/:city,/UTILITY/PRICING/{PARAM}
bthwani-project-main/backend-nest/src/modules/utility/utility.controller.ts,utility,DELETE,pricing/:city,/UTILITY/PRICING/{PARAM}
bthwani-project-main/backend-nest/src/modules/utility/utility.controller.ts,utility,PATCH,options/gas,/UTILITY/OPTIONS/GAS
bthwani-project-main/backend-nest/src/modules/utility/utility.controller.ts,utility,PATCH,options/water,/UTILITY/OPTIONS/WATER
bthwani-project-main/backend-nest/src/modules/utility/utility.controller.ts,utility,GET,daily,/UTILITY/DAILY
bthwani-project-main/backend-nest/src/modules/utility/utility.controller.ts,utility,POST,daily,/UTILITY/DAILY
bthwani-project-main/backend-nest/src/modules/utility/utility.controller.ts,utility,DELETE,daily/:id,/UTILITY/DAILY/{PARAM}
bthwani-project-main/backend-nest/src/modules/utility/utility.controller.ts,utility,DELETE,daily,/UTILITY/DAILY
bthwani-project-main/backend-nest/src/modules/utility/utility.controller.ts,utility,POST,order,/UTILITY/ORDER
bthwani-project-main/backend-nest/src/modules/utility/utility.controller.ts,utility,GET,orders,/UTILITY/ORDERS
bthwani-project-main/backend-nest/src/modules/utility/utility.controller.ts,utility,GET,order/:id,/UTILITY/ORDER/{PARAM}
bthwani-project-main/backend-nest/src/modules/utility/utility.controller.ts,utility,PATCH,order/:id/status,/UTILITY/ORDER/{PARAM}/STATUS
bthwani-project-main/backend-nest/src/modules/utility/utility.controller.ts,utility,PATCH,order/:id/cancel,/UTILITY/ORDER/{PARAM}/CANCEL
bthwani-project-main/backend-nest/src/modules/utility/utility.controller.ts,utility,POST,order/:id/rate,/UTILITY/ORDER/{PARAM}/RATE
bthwani-project-main/backend-nest/src/modules/utility/utility.controller.ts,utility,POST,order/:id/assign-driver,/UTILITY/ORDER/{PARAM}/ASSIGN-DRIVER
bthwani-project-main/backend-nest/src/modules/utility/utility.controller.ts,utility,GET,admin/orders,/UTILITY/ADMIN/ORDERS
bthwani-project-main/backend-nest/src/modules/vendor/vendor.controller.ts,vendors,POST,/,/VENDORS
bthwani-project-main/backend-nest/src/modules/vendor/vendor.controller.ts,vendors,GET,/,/VENDORS
bthwani-project-main/backend-nest/src/modules/vendor/vendor.controller.ts,vendors,GET,me,/VENDORS/ME
bthwani-project-main/backend-nest/src/modules/vendor/vendor.controller.ts,vendors,GET,:id,/VENDORS/{PARAM}
bthwani-project-main/backend-nest/src/modules/vendor/vendor.controller.ts,vendors,PATCH,me,/VENDORS/ME
bthwani-project-main/backend-nest/src/modules/vendor/vendor.controller.ts,vendors,PATCH,:id,/VENDORS/{PARAM}
bthwani-project-main/backend-nest/src/modules/vendor/vendor.controller.ts,vendors,PATCH,:id/status,/VENDORS/{PARAM}/STATUS
bthwani-project-main/backend-nest/src/modules/vendor/vendor.controller.ts,vendors,POST,:id/reset-password,/VENDORS/{PARAM}/RESET-PASSWORD
bthwani-project-main/backend-nest/src/modules/vendor/vendor.controller.ts,vendors,GET,dashboard/overview,/VENDORS/DASHBOARD/OVERVIEW
bthwani-project-main/backend-nest/src/modules/vendor/vendor.controller.ts,vendors,GET,account/statement,/VENDORS/ACCOUNT/STATEMENT
bthwani-project-main/backend-nest/src/modules/vendor/vendor.controller.ts,vendors,GET,settlements,/VENDORS/SETTLEMENTS
bthwani-project-main/backend-nest/src/modules/vendor/vendor.controller.ts,vendors,POST,settlements,/VENDORS/SETTLEMENTS
bthwani-project-main/backend-nest/src/modules/vendor/vendor.controller.ts,vendors,GET,sales,/VENDORS/SALES
bthwani-project-main/backend-nest/src/modules/vendor/vendor.controller.ts,vendors,POST,account/delete-request,/VENDORS/ACCOUNT/DELETE-REQUEST
bthwani-project-main/backend-nest/src/modules/wallet/v2-wallet.controller.ts,v2/wallet,POST,coupons/apply,/V2/WALLET/COUPONS/APPLY
bthwani-project-main/backend-nest/src/modules/wallet/v2-wallet.controller.ts,v2/wallet,GET,coupons/my,/V2/WALLET/COUPONS/MY
bthwani-project-main/backend-nest/src/modules/wallet/v2-wallet.controller.ts,v2/wallet,GET,coupons/history,/V2/WALLET/COUPONS/HISTORY
bthwani-project-main/backend-nest/src/modules/wallet/v2-wallet.controller.ts,v2/wallet,GET,subscriptions/my,/V2/WALLET/SUBSCRIPTIONS/MY
bthwani-project-main/backend-nest/src/modules/wallet/wallet.controller.ts,wallet,GET,balance,/WALLET/BALANCE
bthwani-project-main/backend-nest/src/modules/wallet/wallet.controller.ts,wallet,GET,transactions,/WALLET/TRANSACTIONS
bthwani-project-main/backend-nest/src/modules/wallet/wallet.controller.ts,wallet,POST,transaction,/WALLET/TRANSACTION
bthwani-project-main/backend-nest/src/modules/wallet/wallet.controller.ts,wallet,POST,hold,/WALLET/HOLD
bthwani-project-main/backend-nest/src/modules/wallet/wallet.controller.ts,wallet,POST,release,/WALLET/RELEASE
bthwani-project-main/backend-nest/src/modules/wallet/wallet.controller.ts,wallet,POST,refund,/WALLET/REFUND
bthwani-project-main/backend-nest/src/modules/wallet/wallet.controller.ts,wallet,POST,topup/kuraimi,/WALLET/TOPUP/KURAIMI
bthwani-project-main/backend-nest/src/modules/wallet/wallet.controller.ts,wallet,POST,topup/verify,/WALLET/TOPUP/VERIFY
bthwani-project-main/backend-nest/src/modules/wallet/wallet.controller.ts,wallet,GET,topup/history,/WALLET/TOPUP/HISTORY
bthwani-project-main/backend-nest/src/modules/wallet/wallet.controller.ts,wallet,GET,topup/methods,/WALLET/TOPUP/METHODS
bthwani-project-main/backend-nest/src/modules/wallet/wallet.controller.ts,wallet,POST,withdraw/request,/WALLET/WITHDRAW/REQUEST
bthwani-project-main/backend-nest/src/modules/wallet/wallet.controller.ts,wallet,GET,withdraw/my,/WALLET/WITHDRAW/MY
bthwani-project-main/backend-nest/src/modules/wallet/wallet.controller.ts,wallet,PATCH,withdraw/:id/cancel,/WALLET/WITHDRAW/{PARAM}/CANCEL
bthwani-project-main/backend-nest/src/modules/wallet/wallet.controller.ts,wallet,GET,withdraw/methods,/WALLET/WITHDRAW/METHODS
bthwani-project-main/backend-nest/src/modules/wallet/wallet.controller.ts,wallet,POST,pay-bill,/WALLET/PAY-BILL
bthwani-project-main/backend-nest/src/modules/wallet/wallet.controller.ts,wallet,GET,bills,/WALLET/BILLS
bthwani-project-main/backend-nest/src/modules/wallet/wallet.controller.ts,wallet,POST,transfer,/WALLET/TRANSFER
bthwani-project-main/backend-nest/src/modules/wallet/wallet.controller.ts,wallet,GET,transfers,/WALLET/TRANSFERS
bthwani-project-main/backend-nest/src/modules/wallet/wallet.controller.ts,wallet,GET,transaction/:id,/WALLET/TRANSACTION/{PARAM}
bthwani-project-main/backend-nest/src/modules/wallet/wallet.controller.ts,wallet,POST,refund/request,/WALLET/REFUND/REQUEST
bthwani-project-main/backend-nest/stub-endpoints/admin-stubs.ts,,PUT,onboarding-slides/{id},/ONBOARDING-SLIDES/{PARAM}
bthwani-project-main/backend-nest/stub-endpoints/admin-stubs.ts,,POST,onboarding-slides,/ONBOARDING-SLIDES
bthwani-project-main/backend-nest/stub-endpoints/admin-stubs.ts,,DELETE,onboarding-slides/{id},/ONBOARDING-SLIDES/{PARAM}
bthwani-project-main/backend-nest/stub-endpoints/admin-stubs.ts,,PUT,pages/{id},/PAGES/{PARAM}
bthwani-project-main/backend-nest/stub-endpoints/admin-stubs.ts,,DELETE,pages/{id},/PAGES/{PARAM}
bthwani-project-main/backend-nest/stub-endpoints/admin-stubs.ts,,PUT,strings/{id},/STRINGS/{PARAM}
bthwani-project-main/backend-nest/stub-endpoints/admin-stubs.ts,,POST,strings,/STRINGS
bthwani-project-main/backend-nest/stub-endpoints/admin-stubs.ts,,DELETE,strings/{id},/STRINGS/{PARAM}
bthwani-project-main/backend-nest/stub-endpoints/admin-stubs.ts,,PUT,home-layouts/{id},/HOME-LAYOUTS/{PARAM}
bthwani-project-main/backend-nest/stub-endpoints/admin-stubs.ts,,POST,home-layouts,/HOME-LAYOUTS
bthwani-project-main/backend-nest/stub-endpoints/admin-stubs.ts,,DELETE,home-layouts/{id},/HOME-LAYOUTS/{PARAM}
bthwani-project-main/backend-nest/stub-endpoints/admin-stubs.ts,,DELETE,wallet/coupons/{id},/WALLET/COUPONS/{PARAM}
bthwani-project-main/backend-nest/stub-endpoints/admin-stubs.ts,,DELETE,drivers/leave-requests/{id},/DRIVERS/LEAVE-REQUESTS/{PARAM}
bthwani-project-main/backend-nest/stub-endpoints/admin-stubs.ts,,DELETE,drivers/{id},/DRIVERS/{PARAM}
bthwani-project-main/backend-nest/stub-endpoints/admin-stubs.ts,,DELETE,drivers/shifts/{id},/DRIVERS/SHIFTS/{PARAM}
bthwani-project-main/backend-nest/stub-endpoints/admin-stubs.ts,,DELETE,drivers/assets/{id},/DRIVERS/ASSETS/{PARAM}
bthwani-project-main/backend-nest/stub-endpoints/admin-stubs.ts,,POST,reports/generate,/REPORTS/GENERATE
bthwani-project-main/backend-nest/stub-endpoints/admin-stubs.ts,,POST,reports/export/{id}/{id},/REPORTS/EXPORT/{PARAM}/{PARAM}
bthwani-project-main/backend-nest/stub-endpoints/admin-stubs.ts,,GET,reports/realtime,/REPORTS/REALTIME
bthwani-project-main/backend-nest/stub-endpoints/admin-stubs.ts,,GET,wallet/settlements/export,/WALLET/SETTLEMENTS/EXPORT
bthwani-project-main/backend-nest/stub-endpoints/admin-stubs.ts,,DELETE,wallet/subscriptions/{id},/WALLET/SUBSCRIPTIONS/{PARAM}
bthwani-project-main/backend-nest/stub-endpoints/auth-stubs.ts,,POST,forgot,/FORGOT
bthwani-project-main/backend-nest/stub-endpoints/auth-stubs.ts,,POST,reset/verify,/RESET/VERIFY
bthwani-project-main/backend-nest/stub-endpoints/auth-stubs.ts,,POST,reset,/RESET
bthwani-project-main/backend-nest/stub-endpoints/auth-stubs.ts,,POST,verify-otp,/VERIFY-OTP
bthwani-project-main/backend-nest/stub-endpoints/delivery-stubs.ts,,GET,order,/ORDER
bthwani-project-main/backend-nest/stub-endpoints/delivery-stubs.ts,,DELETE,cart/{id},/CART/{PARAM}
bthwani-project-main/backend-nest/stub-endpoints/delivery-stubs.ts,,GET,order/user/{id},/ORDER/USER/{PARAM}
bthwani-project-main/backend-nest/stub-endpoints/delivery-stubs.ts,,GET,categories,/CATEGORIES
bthwani-project-main/backend-nest/stub-endpoints/delivery-stubs.ts,,GET,stores/:id,/STORES/{PARAM}
bthwani-project-main/backend-nest/stub-endpoints/delivery-stubs.ts,,GET,cart/user/{id},/CART/USER/{PARAM}
bthwani-project-main/backend-nest/stub-endpoints/delivery-stubs.ts,,GET,cart/{id},/CART/{PARAM}
bthwani-project-main/backend-nest/stub-endpoints/delivery-stubs.ts,,GET,promotions/by-stores,/PROMOTIONS/BY-STORES
bthwani-project-main/backend-nest/stub-endpoints/delivery-stubs.ts,,PUT,stores/{id},/STORES/{PARAM}
bthwani-project-main/backend-nest/stub-endpoints/er-stubs.ts,,DELETE,assets/{id},/ASSETS/{PARAM}
bthwani-project-main/backend-nest/stub-endpoints/er-stubs.ts,,DELETE,accounts/chart/{id},/ACCOUNTS/CHART/{PARAM}
bthwani-project-main/backend-nest/stub-endpoints/er-stubs.ts,,DELETE,documents/{id},/DOCUMENTS/{PARAM}
bthwani-project-main/backend-nest/stub-endpoints/er-stubs.ts,,GET,documents/{id}/download,/DOCUMENTS/{PARAM}/DOWNLOAD
bthwani-project-main/backend-nest/stub-endpoints/er-stubs.ts,,DELETE,documents/bulk,/DOCUMENTS/BULK
bthwani-project-main/backend-nest/stub-endpoints/er-stubs.ts,,GET,documents/export,/DOCUMENTS/EXPORT
bthwani-project-main/backend-nest/stub-endpoints/er-stubs.ts,,DELETE,payroll/{id},/PAYROLL/{PARAM}
bthwani-project-main/backend-nest/stub-endpoints/errands-stubs.ts,,POST,order,/ORDER
bthwani-project-main/backend-nest/stub-endpoints/errands-stubs.ts,,GET,user/{id},/USER/{PARAM}
bthwani-project-main/backend-nest/stub-endpoints/errands-stubs.ts,,GET,{id},/{PARAM}
bthwani-project-main/backend-nest/stub-endpoints/errands-stubs.ts,,GET,categories,/CATEGORIES
bthwani-project-main/backend-nest/stub-endpoints/errands-stubs.ts,,GET,drivers/available,/DRIVERS/AVAILABLE
bthwani-project-main/backend-nest/stub-endpoints/merchant-stubs.ts,,DELETE,categories/{id},/CATEGORIES/{PARAM}
bthwani-project-main/backend-nest/stub-endpoints/merchant-stubs.ts,,DELETE,attributes/{id},/ATTRIBUTES/{PARAM}
bthwani-project-main/backend-nest/stub-endpoints/misc-stubs.ts,,DELETE,{id},/{PARAM}
bthwani-project-main/backend-nest/stub-endpoints/misc-stubs.ts,,POST,events,/EVENTS
bthwani-project-main/backend-nest/stub-endpoints/misc-stubs.ts,,GET,catalog,/CATALOG
bthwani-project-main/backend-nest/stub-endpoints/user-stubs.ts,,PATCH,address/{id},/ADDRESS/{PARAM}
bthwani-project-main/backend-nest/stub-endpoints/user-stubs.ts,,DELETE,address/{id},/ADDRESS/{PARAM}
bthwani-project-main/backend-nest/stub-endpoints/user-stubs.ts,,PATCH,default-address,/DEFAULT-ADDRESS
bthwani-project-main/backend-nest/stub-endpoints/wallet-stubs.ts,,POST,wallet/coupons/apply,/WALLET/COUPONS/APPLY
bthwani-project-main/backend-nest/stub-endpoints/wallet-stubs.ts,,GET,wallet/coupons/my,/WALLET/COUPONS/MY
bthwani-project-main/backend-nest/stub-endpoints/wallet-stubs.ts,,GET,wallet/coupons/history,/WALLET/COUPONS/HISTORY
bthwani-project-main/backend-nest/stub-endpoints/wallet-stubs.ts,,GET,wallet/subscriptions/my,/WALLET/SUBSCRIPTIONS/MY
bthwani-project-main/backend-nest/tools/audit/store_backend_map.ts,legal,GET,privacy-policy,/LEGAL/PRIVACY-POLICY
bthwani-project-main/backend-nest/tools/audit/store_backend_map.ts,users,GET,privacy-policy,/USERS/PRIVACY-POLICY
bthwani-project-main/backend-nest/tools/audit/store_backend_map.ts,legal,DELETE,account,/LEGAL/ACCOUNT
bthwani-project-main/backend-nest/tools/audit/store_backend_map.ts,users,DELETE,account,/USERS/ACCOUNT
bthwani-project-main/backend-nest/tools/audit/store_backend_map.ts,legal,GET,export-data,/LEGAL/EXPORT-DATA
bthwani-project-main/backend-nest/tools/audit/store_backend_map.ts,users,GET,export-data,/USERS/EXPORT-DATA
