method,normalized_path,backend,frontend,openapi
DELETE,/ACCOUNTS/CHART/{PARAM},1,0,0
DELETE,/ADDRESS/{PARAM},1,0,0
DELETE,/ADMIN/AMANI/{PARAM},1,0,0
DELETE,/ADMIN/ARABON/{PARAM},1,0,0
DELETE,/ADMIN/DRIVERS/ASSETS/{PARAM},1,0,1
DELETE,/ADMIN/DRIVERS/LEAVE-REQUESTS/{PARAM},1,0,1
DELETE,/ADMIN/DRIVERS/SHIFTS/{PARAM},1,0,1
DELETE,/ADMIN/DRIVERS/{PARAM},1,0,1
DELETE,/ADMIN/ES3AFNI/{PARAM},1,0,0
DELETE,/ADMIN/HOME-LAYOUTS/{PARAM},1,0,1
DELETE,/ADMIN/KAWADER/{PARAM},1,0,0
DELETE,/ADMIN/KENZ/{PARAM},1,0,0
DELETE,/ADMIN/MAAROUF/{PARAM},1,0,0
DELETE,/ADMIN/ONBOARDING-SLIDES/{PARAM},1,0,1
DELETE,/ADMIN/PAGES/{PARAM},1,0,1
DELETE,/ADMIN/PAYMENTS/{PARAM},1,0,0
DELETE,/ADMIN/SANAD/{PARAM},1,0,0
DELETE,/ADMIN/STORES/{PARAM},1,0,1
DELETE,/ADMIN/STRINGS/{PARAM},1,0,1
DELETE,/ADMIN/WALLET/COUPONS/{PARAM},1,0,1
DELETE,/ADMIN/WALLET/SUBSCRIPTIONS/{PARAM},1,0,1
DELETE,/AMANI/{PARAM},1,0,0
DELETE,/API/USERS/123,0,1,0
DELETE,/API/V2/SANAD/{PARAM},1,0,0
DELETE,/ARABON/{PARAM},1,0,0
DELETE,/ASSETS/{PARAM},1,0,0
DELETE,/ATTRIBUTES/{PARAM},1,0,0
DELETE,/AUTH/CONSENT/{PARAM},1,0,1
DELETE,/AUTH/DELETE-ACCOUNT,0,1,0
DELETE,/CART/{PARAM},1,0,0
DELETE,/CATEGORIES/{PARAM},1,0,0
DELETE,/CONTENT/ADMIN/FAQS/{PARAM},1,0,1
DELETE,/CONTENT/BANNERS/{PARAM},1,0,1
DELETE,/CONTENT/SECTIONS/{PARAM},1,0,1
DELETE,/DELIVERY/CART,1,1,1
DELETE,/DELIVERY/CART/COMBINED/CLEAR-ALL,1,0,1
DELETE,/DELIVERY/CART/ITEMS/{PARAM},1,0,1
DELETE,/DELIVERY/CART/SHEIN,1,0,1
DELETE,/DELIVERY/CART/SHEIN/ITEMS/{PARAM},1,0,1
DELETE,/DELIVERY/CART/{PARAM},1,0,1
DELETE,/DELIVERY/CART/{PARAM}/ITEMS/{PARAM},1,0,1
DELETE,/DOCUMENTS/BULK,1,0,0
DELETE,/DOCUMENTS/{PARAM},1,0,0
DELETE,/DRIVER,0,1,0
DELETE,/DRIVERS/ASSETS/{PARAM},1,0,0
DELETE,/DRIVERS/LEAVE-REQUESTS/{PARAM},1,0,0
DELETE,/DRIVERS/SHIFTS/{PARAM},1,0,0
DELETE,/DRIVERS/{PARAM},1,0,0
DELETE,/EMPLOYEES/{PARAM},1,0,0
DELETE,/ER/ACCOUNTS/CHART/{PARAM},1,0,1
DELETE,/ER/ASSETS/{PARAM},1,0,1
DELETE,/ER/DOCUMENTS/BULK,1,1,1
DELETE,/ER/DOCUMENTS/{PARAM},1,0,1
DELETE,/ER/EMPLOYEES/{PARAM},1,0,1
DELETE,/ER/PAYROLL/{PARAM},1,0,1
DELETE,/ES3AFNI/{PARAM},1,0,0
DELETE,/HOME-LAYOUTS/{PARAM},1,0,0
DELETE,/KAWADER/{PARAM},1,0,0
DELETE,/KENZ/{PARAM},1,0,0
DELETE,/LEGAL/ACCOUNT,1,0,0
DELETE,/MAAROUF/{PARAM},1,0,0
DELETE,/MERCHANTS/ATTRIBUTES/{PARAM},1,0,1
DELETE,/MERCHANTS/CATEGORIES/{PARAM},1,0,1
DELETE,/MERCHANTS/PRODUCTS/{PARAM},1,0,1
DELETE,/MERCHANTS/{PARAM},1,0,1
DELETE,/NOTIFICATIONS/SUPPRESSION/CHANNEL/{PARAM},1,0,1
DELETE,/NOTIFICATIONS/SUPPRESSION/{PARAM},1,0,1
DELETE,/NOTIFICATIONS/{PARAM},1,0,1
DELETE,/ONBOARDING-SLIDES/{PARAM},1,0,0
DELETE,/PAGES/{PARAM},1,0,0
DELETE,/PAYROLL/{PARAM},1,0,0
DELETE,/PROMOTIONS/{PARAM},1,0,1
DELETE,/STRINGS/{PARAM},1,0,0
DELETE,/USER,0,1,0
DELETE,/USERS/ACCOUNT,1,0,0
DELETE,/USERS/ADDRESS/{PARAM},1,0,1
DELETE,/USERS/ADDRESSES/{PARAM},1,0,1
DELETE,/USERS/DEACTIVATE,1,0,1
DELETE,/USERS/ME,0,1,0
DELETE,/USERS/PIN/RESET/{PARAM},1,0,1
DELETE,/UTILITY/DAILY,1,0,1
DELETE,/UTILITY/DAILY/{PARAM},1,0,1
DELETE,/UTILITY/PRICING/{PARAM},1,0,1
DELETE,/VENDOR,0,1,0
DELETE,/WALLET/COUPONS/{PARAM},1,0,0
DELETE,/WALLET/SUBSCRIPTIONS/{PARAM},1,0,0
DELETE,/{PARAM},1,0,0
GET,/,1,0,1
GET,/) && !LINE.INCLUDES(,0,1,0
GET,"/)) {
      CONTINUE;
    }

    / SKIP EXTERNAL API CALLS (GOOGLE MAPS, FIREBASE, ETC.)
    IF (/IDENTITYTOOLKIT\.GOOGLEAPIS\.COM|SECURETOKEN\.GOOGLEAPIS\.COM|MAPS\.GOOGLEAPIS\.COM|GOOGLEAPIS\.COM|CLOUDINARY\.COM/.TEST(LINE)) {
      CONTINUE;
    }

    / SKIP REACT NATIVE NETINFO.FETCH()
    IF (/NETINFO\.FETCH\(\)/.TEST(LINE)) {
      CONTINUE;
    }

    / CHECK FOR FETCH( OR AXIOS.
    IF (/\BFETCH\(|\BAXIOS\./.TEST(LINE)) {
      / IF IT DOESN",0,1,0
GET,"/)) {
      CONTINUE;
    }

    / SKIP EXTERNAL APIS
    IF (/IDENTITYTOOLKIT\.GOOGLEAPIS\.COM|SECURETOKEN\.GOOGLEAPIS\.COM|MAPS\.GOOGLEAPIS\.COM|GOOGLEAPIS\.COM|CLOUDINARY\.COM/.TEST(LINE)) {
      CONTINUE;
    }

    / SKIP REACT NATIVE NETINFO
    IF (/NETINFO\.FETCH\(\)/.TEST(LINE)) {
      CONTINUE;
    }
    
    / CHECK FOR TYPED CLIENT USAGES
    FOR (CONST WRAPPER OF ALLOWEDWRAPPERS) {
      IF (LINE.INCLUDES(WRAPPER)) {
        STATS.TYPEDCLIENTUSAGES++;
        STATS.WRAPPERTYPES.ADD(WRAPPER);
      }
    }

    / CHECK FOR RAW FETCH (NOT IN WRAPPER)
    IF (/\BFETCH\(/.TEST(LINE)) {
      CONST HASWRAPPER = ALLOWEDWRAPPERS.SOME(W => LINE.INCLUDES(W));
      IF (!HASWRAPPER && !HASWRAPPERIMPORT) {
        STATS.RAWFETCHCOUNT++;
      }
    }

    / CHECK FOR RAW AXIOS (NOT IN WRAPPER)
    IF (/\BAXIOS\./.TEST(LINE)) {
      CONST HASWRAPPER = ALLOWEDWRAPPERS.SOME(W => LINE.INCLUDES(W));
      IF (!HASWRAPPER && !HASWRAPPERIMPORT) {
        STATS.RAWAXIOSCOUNT++;
      }
    }
  }

  RETURN STATS;
}

FUNCTION GENERATEREPORT() {
  CONST REPORT = {
    TIMESTAMP: NEW DATE().TOISOSTRING(),
    SUMMARY: {
      TOTALFILESSCANNED: 0,
      TOTALTYPEDCLIENTUSAGES: 0,
      TOTALRAWFETCHUSAGES: 0,
      TOTALRAWAXIOSUSAGES: 0,
      COMPLIANCE: ",0,1,0
GET,/ACCEPT,0,1,0
GET,/ACCOUNTS,0,1,0
GET,/ACCOUNTS/CHART,0,1,0
GET,/ACCOUNTS/CHART/TREE,0,1,0
GET,/ADMIN/AMANI,1,1,0
GET,/ADMIN/ARABON,1,1,0
GET,/ADMIN/AUDIT-LOGS,1,0,1
GET,/ADMIN/AUDIT-LOGS/MY-ACTIONS,0,1,0
GET,/ADMIN/AUDIT-LOGS/STATS,0,1,0
GET,/ADMIN/AUDIT-LOGS/{PARAM},1,0,1
GET,/ADMIN/BACKUP/LIST,1,0,1
GET,/ADMIN/BACKUP/{PARAM}/DOWNLOAD,1,0,1
GET,/ADMIN/CACHE/STATS,1,0,1
GET,/ADMIN/DASHBOARD,1,0,1
GET,/ADMIN/DASHBOARD/ALERTS,0,1,0
GET,/ADMIN/DASHBOARD/LIVE-METRICS,1,0,1
GET,/ADMIN/DASHBOARD/ORDERS-BY-STATUS,1,0,1
GET,/ADMIN/DASHBOARD/REVENUE,1,0,1
GET,/ADMIN/DASHBOARD/SUMMARY,0,1,0
GET,/ADMIN/DASHBOARD/SUPPORT-TICKETS,0,1,0
GET,/ADMIN/DASHBOARD/TIMESERIES,0,1,0
GET,/ADMIN/DASHBOARD/TOP,0,1,0
GET,/ADMIN/DATA-DELETION/REQUESTS,1,0,1
GET,/ADMIN/DATABASE/STATS,1,0,1
GET,/ADMIN/DRIVER-ASSETS,0,1,0
GET,/ADMIN/DRIVER-PAYOUTS,0,1,0
GET,/ADMIN/DRIVER-SHIFTS,0,1,0
GET,/ADMIN/DRIVERS,1,1,1
GET,/ADMIN/DRIVERS/ATTENDANCE,0,1,0
GET,/ADMIN/DRIVERS/ATTENDANCE/SUMMARY,1,0,1
GET,/ADMIN/DRIVERS/DOCS,0,1,0
GET,/ADMIN/DRIVERS/FINANCE,0,1,0
GET,/ADMIN/DRIVERS/LEAVE-REQUESTS,1,0,1
GET,/ADMIN/DRIVERS/STATS/BY-STATUS,1,0,1
GET,/ADMIN/DRIVERS/VACATIONS/STATS,0,1,0
GET,/ADMIN/DRIVERS/{PARAM},1,0,1
GET,/ADMIN/DRIVERS/{PARAM}/ATTENDANCE,1,0,1
GET,/ADMIN/DRIVERS/{PARAM}/FINANCIALS,1,0,1
GET,/ADMIN/DRIVERS/{PARAM}/LEAVE-BALANCE,1,0,1
GET,/ADMIN/DRIVERS/{PARAM}/PERFORMANCE,1,0,1
GET,/ADMIN/ES3AFNI,1,1,0
GET,/ADMIN/KAWADER,1,1,0
GET,/ADMIN/KAWADER/STATS/OVERVIEW,1,1,0
GET,/ADMIN/KAWADER/{PARAM},1,0,0
GET,/ADMIN/KENZ,1,1,0
GET,/ADMIN/KENZ/STATS/OVERVIEW,1,1,0
GET,/ADMIN/KENZ/{PARAM},1,0,0
GET,/ADMIN/LIST,0,1,0
GET,/ADMIN/MAAROUF,1,1,0
GET,/ADMIN/MAAROUF/STATS/OVERVIEW,1,1,0
GET,/ADMIN/MAAROUF/{PARAM},1,0,0
GET,/ADMIN/MARKETERS,1,0,1
GET,/ADMIN/MARKETERS/EXPORT,1,0,1
GET,/ADMIN/MARKETERS/STATISTICS,1,0,1
GET,/ADMIN/MARKETERS/{PARAM},1,0,1
GET,/ADMIN/MARKETERS/{PARAM}/PERFORMANCE,1,0,1
GET,/ADMIN/MARKETERS/{PARAM}/STORES,1,0,1
GET,/ADMIN/ME,0,1,0
GET,/ADMIN/MODULES,0,1,0
GET,/ADMIN/NOTIFICATIONS/CAMPAIGNS,0,1,0
GET,/ADMIN/NOTIFICATIONS/TEMPLATES,0,1,0
GET,/ADMIN/OPS/DRIVERS/REALTIME,0,1,0
GET,/ADMIN/OPS/HEATMAP,0,1,0
GET,/ADMIN/ORDERS/STATS/BY-CITY,1,0,1
GET,/ADMIN/ORDERS/STATS/BY-PAYMENT-METHOD,1,0,1
GET,/ADMIN/PAYMENTS,1,1,0
GET,/ADMIN/PAYMENTS/STATS/OVERVIEW,1,1,0
GET,/ADMIN/PAYMENTS/{PARAM},1,0,0
GET,/ADMIN/PENDING-ACTIVATIONS,0,1,0
GET,/ADMIN/QUALITY/METRICS,1,0,1
GET,/ADMIN/REPORTS/DAILY,1,0,1
GET,/ADMIN/REPORTS/REALTIME,1,1,1
GET,/ADMIN/ROLES,1,0,1
GET,/ADMIN/SANAD,1,1,0
GET,/ADMIN/SANAD/STATS/OVERVIEW,1,1,0
GET,/ADMIN/SANAD/{PARAM},1,0,0
GET,/ADMIN/SECURITY/PASSWORD-ATTEMPTS,1,0,1
GET,/ADMIN/SETTINGS,1,0,1
GET,/ADMIN/SETTINGS/APPEARANCE,0,1,0
GET,/ADMIN/SETTINGS/FEATURE-FLAGS,1,0,1
GET,/ADMIN/STATS/FINANCIAL,1,0,1
GET,/ADMIN/STATS/TODAY,1,0,1
GET,/ADMIN/STORES,1,0,1
GET,/ADMIN/STORES/PENDING,1,0,1
GET,/ADMIN/STORES/PRODUCTS/{PARAM}/VARIANTS,1,0,1
GET,/ADMIN/STORES/{PARAM},1,0,1
GET,/ADMIN/STORES/{PARAM}/ANALYTICS,1,0,1
GET,/ADMIN/STORES/{PARAM}/INVENTORY,1,0,1
GET,/ADMIN/STORES/{PARAM}/PRODUCTS,1,0,1
GET,/ADMIN/SUPPORT/STATS,0,1,0
GET,/ADMIN/SYSTEM/HEALTH,1,0,1
GET,/ADMIN/SYSTEM/METRICS,1,0,1
GET,/ADMIN/USERS,1,1,1
GET,/ADMIN/USERS/LIST,0,1,0
GET,/ADMIN/USERS/{PARAM},1,0,1
GET,/ADMIN/USERS/{PARAM}/ORDERS-HISTORY,1,0,1
GET,/ADMIN/VENDORS,0,1,0
GET,/ADMIN/VENDORS/PENDING,1,0,1
GET,/ADMIN/WALLET/COUPONS,0,1,0
GET,/ADMIN/WALLET/SETTLEMENTS/EXPORT,1,1,1
GET,/ADMIN/WITHDRAWALS,1,0,1
GET,/ADMIN/WITHDRAWALS/PENDING,1,0,1
GET,/AKHDIMNI/ADMIN/ERRANDS,1,1,1
GET,/AKHDIMNI/DRIVER/MY-ERRANDS,1,1,1
GET,/AKHDIMNI/ERRANDS/{PARAM},1,0,1
GET,/AKHDIMNI/MY-ERRANDS,1,1,1
GET,/AMANI,1,1,0
GET,/AMANI/MY,0,1,0
GET,/AMANI/SEARCH,0,1,0
GET,/AMANI/{PARAM},1,0,0
GET,/ANALYTICS/ADSPEND,1,0,1
GET,/ANALYTICS/ADSPEND/SUMMARY,1,0,1
GET,/ANALYTICS/ADVANCED/CHURN-RATE,1,0,1
GET,/ANALYTICS/ADVANCED/COHORT-ANALYSIS-ADVANCED,1,0,1
GET,/ANALYTICS/ADVANCED/DASHBOARD-OVERVIEW,1,0,1
GET,/ANALYTICS/ADVANCED/DRIVER-PERFORMANCE,1,0,1
GET,/ANALYTICS/ADVANCED/FUNNEL-ANALYSIS,1,0,1
GET,/ANALYTICS/ADVANCED/GEOGRAPHIC-DISTRIBUTION,1,0,1
GET,/ANALYTICS/ADVANCED/LTV,1,0,1
GET,/ANALYTICS/ADVANCED/PEAK-HOURS,1,0,1
GET,/ANALYTICS/ADVANCED/PRODUCT-PERFORMANCE,1,0,1
GET,/ANALYTICS/ADVANCED/RETENTION,1,0,1
GET,/ANALYTICS/EVENTS,1,0,1
GET,/ANALYTICS/EVENTS/SUMMARY,1,0,1
GET,/ANALYTICS/FUNNEL/CONVERSION,1,0,1
GET,/ANALYTICS/FUNNEL/DROP-OFF,1,0,1
GET,/ANALYTICS/KPIS,1,0,1
GET,/ANALYTICS/KPIS/REAL-TIME,1,0,1
GET,/ANALYTICS/KPIS/TRENDS,1,0,1
GET,/ANALYTICS/REVENUE/BREAKDOWN,1,0,1
GET,/ANALYTICS/REVENUE/FORECAST,1,0,1
GET,/ANALYTICS/ROAS/BY-PLATFORM,1,0,1
GET,/ANALYTICS/ROAS/DAILY,1,0,1
GET,/ANALYTICS/ROAS/SUMMARY,1,0,1
GET,/ANALYTICS/USERS/COHORT,1,0,1
GET,/ANALYTICS/USERS/GROWTH,1,0,1
GET,/ANALYTICS/USERS/RETENTION,1,0,1
GET,/API/CONTENT/LATEST,0,1,0
GET,/API/USERS,0,1,0
GET,/API/V1/DRIVER/SOS,0,1,0
GET,/API/V2/PAYMENTS/HOLDS/MY,1,1,0
GET,/API/V2/PAYMENTS/HOLDS/{PARAM},1,0,0
GET,/API/V2/SANAD,1,1,0
GET,/API/V2/SANAD/MY,1,1,0
GET,/API/V2/SANAD/SEARCH,1,1,0
GET,/API/V2/SANAD/{PARAM},1,0,0
GET,/ARABON,1,1,0
GET,/ARABON/MY,0,1,0
GET,/ARABON/SEARCH,0,1,0
GET,/ARABON/{PARAM},1,0,0
GET,/AUTH/CONSENT/CHECK/{PARAM},1,0,1
GET,/AUTH/CONSENT/HISTORY,1,0,1
GET,/AUTH/CONSENT/SUMMARY,1,0,1
GET,/AUTH/ME,0,1,0
GET,/CART/USER/{PARAM},1,0,0
GET,/CART/{PARAM},1,0,0
GET,/CATALOG,1,0,0
GET,/CATEGORIES,1,0,0
GET,/CATEGORYID,0,1,0
GET,/CONTENT-LENGTH,0,1,0
GET,/CONTENT/ADMIN/BANNERS,1,0,1
GET,/CONTENT/APP-SETTINGS,1,0,1
GET,/CONTENT/BANNERS,1,0,1
GET,/CONTENT/FAQS,1,0,1
GET,/CONTENT/MY-SUBSCRIPTION,1,0,1
GET,/CONTENT/PAGES,1,0,1
GET,/CONTENT/PAGES/{PARAM},1,0,1
GET,/CONTENT/STORES/{PARAM}/SECTIONS,1,0,1
GET,/CONTENT/SUBSCRIPTION-PLANS,1,0,1
GET,/DELIVERY/BANNERS/ADMIN,0,1,0
GET,/DELIVERY/CART,1,0,1
GET,/DELIVERY/CART/ABANDONED,1,0,1
GET,/DELIVERY/CART/COMBINED,1,0,1
GET,/DELIVERY/CART/COUNT,1,0,1
GET,/DELIVERY/CART/FEE,1,1,1
GET,/DELIVERY/CART/SHEIN,1,0,1
GET,/DELIVERY/CART/USER/{PARAM},1,0,1
GET,/DELIVERY/CART/{PARAM},1,0,1
GET,/DELIVERY/CATEGORIES,1,1,0
GET,/DELIVERY/ORDER,1,1,1
GET,/DELIVERY/ORDER/EXPORT,1,1,1
GET,/DELIVERY/ORDER/MY-ORDERS,1,1,1
GET,/DELIVERY/ORDER/PUBLIC/{PARAM}/STATUS,1,0,1
GET,/DELIVERY/ORDER/USER/{PARAM},1,0,1
GET,/DELIVERY/ORDER/VENDOR/ORDERS,1,1,1
GET,/DELIVERY/ORDER/{PARAM},1,0,1
GET,/DELIVERY/ORDER/{PARAM}/DELIVERY-TIMELINE,1,0,1
GET,/DELIVERY/ORDER/{PARAM}/DRIVER-ETA,1,0,1
GET,/DELIVERY/ORDER/{PARAM}/LIVE-TRACKING,1,0,1
GET,/DELIVERY/ORDER/{PARAM}/NOTES,1,0,1
GET,/DELIVERY/ORDER/{PARAM}/POD,1,0,1
GET,/DELIVERY/ORDER/{PARAM}/ROUTE-HISTORY,1,0,1
GET,/DELIVERY/ORDER/{PARAM}/TRACKING,1,0,1
GET,/DELIVERY/PROMOTIONS/BY-STORES,1,1,0
GET,/DELIVERY/STORES,1,1,1
GET,/DELIVERY/STORES/SEARCH,1,1,1
GET,/DELIVERY/STORES/{PARAM},1,0,1
GET,/DELIVERY/STORES/{PARAM}/PRODUCTS,1,0,1
GET,/DELIVERY/STORES/{PARAM}/REVIEWS,1,0,1
GET,/DELIVERY/STORES/{PARAM}/STATISTICS,1,0,1
GET,/DOCUMENTS/EXPORT,1,0,0
GET,/DOCUMENTS/{PARAM}/DOWNLOAD,1,0,0
GET,/DRIVERS/AVAILABLE,1,0,1
GET,/DRIVERS/DOCUMENTS,1,1,1
GET,/DRIVERS/EARNINGS,1,1,1
GET,/DRIVERS/EARNINGS/DAILY,1,0,1
GET,/DRIVERS/EARNINGS/WEEKLY,1,0,1
GET,/DRIVERS/ME,0,1,0
GET,/DRIVERS/ORDERS/AVAILABLE,1,1,1
GET,/DRIVERS/ORDERS/HISTORY,1,0,1
GET,/DRIVERS/PROFILE,1,1,1
GET,/DRIVERS/STATISTICS,1,1,1
GET,/DRIVERS/VACATIONS/BALANCE,1,1,1
GET,/DRIVERS/VACATIONS/MY,1,0,1
GET,/DRIVERS/VACATIONS/POLICY,1,0,1
GET,/DRIVERS/WITHDRAWALS/MY,0,1,0
GET,/DRIVERS/{PARAM},1,0,1
GET,/DRIVERS/{PARAM}/DOCUMENTS,1,0,1
GET,/ER/ACCOUNTS,1,0,1
GET,/ER/ACCOUNTS/{PARAM},1,0,1
GET,/ER/ATTENDANCE/{PARAM},1,0,1
GET,/ER/DOCUMENTS/EXPORT,1,1,1
GET,/ER/DOCUMENTS/{PARAM}/DOWNLOAD,1,0,1
GET,/ER/EMPLOYEES,1,0,1
GET,/ER/EMPLOYEES/{PARAM},1,0,1
GET,/ER/JOURNAL-ENTRIES,1,0,1
GET,/ER/REPORTS/TRIAL-BALANCE,1,0,1
GET,/ERRANDS/CATEGORIES,1,1,1
GET,/ERRANDS/DRIVERS/AVAILABLE,1,1,1
GET,/ERRANDS/USER/{PARAM},1,0,1
GET,/ERRANDS/{PARAM},1,0,1
GET,/ES3AFNI,1,1,0
GET,/ES3AFNI/MY,0,1,0
GET,/ES3AFNI/SEARCH,0,1,0
GET,/ES3AFNI/STATS,0,1,0
GET,/ES3AFNI/{PARAM},1,0,0
GET,/FEATURES,0,1,0
GET,/FINANCE/COMMISSION-PLANS,1,0,1
GET,/FINANCE/COMMISSIONS/AUDIT-LOG,0,1,0
GET,/FINANCE/COMMISSIONS/MY,1,0,1
GET,/FINANCE/COMMISSIONS/SETTINGS,0,1,0
GET,/FINANCE/COMMISSIONS/STATS/MY,1,0,1
GET,/FINANCE/COUPONS,1,0,1
GET,/FINANCE/PAYOUTS/BATCHES,1,0,1
GET,/FINANCE/PAYOUTS/BATCHES/{PARAM},1,0,1
GET,/FINANCE/PAYOUTS/BATCHES/{PARAM}/ITEMS,1,0,1
GET,/FINANCE/RECONCILIATIONS,1,0,1
GET,/FINANCE/RECONCILIATIONS/{PARAM},1,0,1
GET,/FINANCE/REPORTS,1,0,1
GET,/FINANCE/REPORTS/DAILY/{PARAM},1,0,1
GET,/FINANCE/SETTLEMENTS/ENTITY/{PARAM},1,0,1
GET,/FINANCE/SETTLEMENTS/{PARAM},1,0,1
GET,/GROCERIES/CATALOG,1,1,0
GET,/HEALTH,1,0,1
GET,/HEALTH/ADVANCED,1,0,1
GET,/HEALTH/DETAILED,1,0,1
GET,/HEALTH/INFO,1,0,1
GET,/HEALTH/LIVENESS,1,0,1
GET,/HEALTH/METRICS,1,0,1
GET,/HEALTH/READINESS,1,0,1
GET,/HEALTH/STARTUP,1,0,1
GET,/JOURNAL-ENTRIES,0,1,0
GET,/JOURNALS,0,1,0
GET,/KAWADER,1,1,0
GET,/KAWADER/MY,0,1,0
GET,/KAWADER/SEARCH,0,1,0
GET,/KAWADER/{PARAM},1,0,0
GET,/KENZ,1,1,0
GET,/KENZ/CATEGORY,0,1,0
GET,/KENZ/MY,0,1,0
GET,/KENZ/SEARCH,0,1,0
GET,/KENZ/STATS,0,1,0
GET,/KENZ/{PARAM},1,0,0
GET,/LEGAL/ADMIN/CONSENT/STATISTICS,1,0,1
GET,/LEGAL/ADMIN/PRIVACY-POLICIES,1,0,1
GET,/LEGAL/ADMIN/TERMS-OF-SERVICE,1,0,1
GET,/LEGAL/CONSENT/CHECK/{PARAM},1,0,1
GET,/LEGAL/CONSENT/MY,1,0,1
GET,/LEGAL/EXPORT-DATA,1,0,0
GET,/LEGAL/PRIVACY-POLICY,1,0,1
GET,/LEGAL/TERMS-OF-SERVICE,1,0,1
GET,/MAAROUF,1,1,0
GET,/MAAROUF/MY,0,1,0
GET,/MAAROUF/SEARCH,0,1,0
GET,/MAAROUF/{PARAM},1,0,0
GET,/MARKETER/COMMISSIONS/MY,1,0,1
GET,/MARKETER/COMMISSIONS/PENDING,1,0,1
GET,/MARKETER/COMMISSIONS/STATISTICS,1,0,1
GET,/MARKETER/EARNINGS,1,0,1
GET,/MARKETER/EARNINGS/BREAKDOWN,1,0,1
GET,/MARKETER/FILES,1,0,1
GET,/MARKETER/NOTIFICATIONS,1,0,1
GET,/MARKETER/OVERVIEW,1,0,1
GET,/MARKETER/PROFILE,1,0,1
GET,/MARKETER/REFERRALS/MY,1,0,1
GET,/MARKETER/REFERRALS/STATISTICS,1,1,1
GET,/MARKETER/STATISTICS/MONTH,1,0,1
GET,/MARKETER/STATISTICS/TODAY,1,0,1
GET,/MARKETER/STORES/MY,1,0,1
GET,/MARKETER/STORES/{PARAM},1,0,1
GET,/MARKETER/STORES/{PARAM}/PERFORMANCE,1,0,1
GET,/MARKETER/TERRITORY/STATS,1,0,1
GET,/MARKETER/VENDORS/MY,1,0,1
GET,/MARKETER/VENDORS/{PARAM},1,0,1
GET,/MERCHANT,0,1,0
GET,/MERCHANT/ATTRIBUTES,0,1,0
GET,/MERCHANT/CATALOG/PRODUCTS,0,1,0
GET,/MERCHANT/CATEGORIES,0,1,0
GET,/MERCHANT/PRODUCTS,0,1,0
GET,/MERCHANTS,1,0,1
GET,/MERCHANTS/ATTRIBUTES,1,0,1
GET,/MERCHANTS/CATALOG/PRODUCTS,1,0,1
GET,/MERCHANTS/CATALOG/PRODUCTS/{PARAM},1,0,1
GET,/MERCHANTS/CATEGORIES,1,0,1
GET,/MERCHANTS/PRODUCTS,1,0,1
GET,/MERCHANTS/PRODUCTS/{PARAM},1,0,1
GET,/MERCHANTS/STORES/{PARAM}/PRODUCTS,1,0,1
GET,/MERCHANTS/{PARAM},1,0,1
GET,/MERCHANTS/{PARAM}/PRODUCTS,1,0,1
GET,/METRICS,1,0,1
GET,/METRICS/JSON,1,0,1
GET,/NOTIFICATIONS/MY,1,1,1
GET,/NOTIFICATIONS/SUPPRESSION,1,0,1
GET,/NOTIFICATIONS/SUPPRESSION/CHANNELS,1,1,1
GET,/NOTIFICATIONS/SUPPRESSION/STATS,1,0,1
GET,/NOTIFICATIONS/UNREAD/COUNT,1,1,1
GET,/ONBOARDING/APPLICATIONS,1,0,0
GET,/ONBOARDING/MY,1,0,0
GET,/ONBOARDING/STATISTICS,1,0,0
GET,/ONBOARDING/{PARAM}/DETAILS,1,0,0
GET,/OPENING-BALANCE,0,1,0
GET,/ORDER,1,0,0
GET,/ORDER/USER/{PARAM},1,0,0
GET,/ORDERS-CQRS,1,0,1
GET,/ORDERS-CQRS/{PARAM},1,0,1
GET,/ORDER_ID,0,1,0
GET,/PAGE,0,1,0
GET,/PARTNERS,0,1,0
GET,/PATH,0,1,0
GET,/PRICING-STRATEGIES,0,1,0
GET,/PROMOTIONS,1,0,1
GET,/PROMOTIONS/BY-PLACEMENT,1,0,1
GET,/PROMOTIONS/BY-STORES,1,0,0
GET,/PROMOTIONS/STATS/OVERVIEW,1,1,1
GET,/PROMOTIONS/{PARAM},1,0,1
GET,/Q,0,1,0
GET,/REDIS_HOST,0,1,0
GET,/REDIS_PASSWORD,0,1,0
GET,/REDIS_PORT,0,1,0
GET,/REPORTS/MARKETERS/OVERVIEW,0,1,0
GET,/REPORTS/REALTIME,1,0,0
GET,/SESSION_ID,0,1,0
GET,/SHIFTS,1,0,0
GET,/SHIFTS/DRIVER/{PARAM},1,0,0
GET,/SHIFTS/MY-SHIFTS,1,0,0
GET,/SORT,0,1,0
GET,/STATUS,0,1,0
GET,/STEP,0,1,0
GET,/STORAGEKEY,0,1,0
GET,/STORES/{PARAM},1,0,0
GET,/SUPPORT/ADMIN/SLA-METRICS,1,0,0
GET,/SUPPORT/REPORTS/SUMMARY,0,1,0
GET,/SUPPORT/STATS,1,1,0
GET,/SUPPORT/TICKETS,1,1,0
GET,/SUPPORT/TICKETS/{PARAM},1,0,0
GET,/TYPE,0,1,0
GET,/USER-AGENT,0,1,0
GET,/USER/PROFILE,1,1,0
GET,/USER/{PARAM},1,0,0
GET,/USERS/ADDRESS,1,1,0
GET,/USERS/ADDRESSES,1,0,1
GET,/USERS/EXPORT-DATA,1,0,0
GET,/USERS/ME,1,1,1
GET,/USERS/PIN/STATUS,1,0,1
GET,/USERS/PRIVACY-POLICY,1,0,0
GET,/USERS/SEARCH,1,0,1
GET,/UTILITY/ADMIN/ORDERS,1,0,1
GET,/UTILITY/DAILY,1,0,1
GET,/UTILITY/OPTIONS,1,0,1
GET,/UTILITY/ORDER/{PARAM},1,0,1
GET,/UTILITY/ORDERS,1,0,1
GET,/UTILITY/PRICING,1,0,1
GET,/UTILITY/PRICING/{PARAM},1,0,1
GET,/UTM_CAMPAIGN,0,1,0
GET,/UTM_CONTENT,0,1,0
GET,/UTM_MEDIUM,0,1,0
GET,/UTM_SOURCE,0,1,0
GET,/UTM_TERM,0,1,0
GET,/V1/GEOCODE{PARAM},0,1,0
GET,/V1/PLACES{PARAM},0,1,0
GET,/V2/WALLET/BALANCE,0,1,0
GET,/V2/WALLET/BILLS,0,1,0
GET,/V2/WALLET/COUPONS/HISTORY,1,1,1
GET,/V2/WALLET/COUPONS/MY,1,1,1
GET,/V2/WALLET/SUBSCRIPTIONS/MY,1,1,1
GET,/V2/WALLET/TOPUP/HISTORY,0,1,0
GET,/V2/WALLET/TOPUP/METHODS,0,1,0
GET,/V2/WALLET/TRANSACTIONS,0,1,0
GET,/V2/WALLET/TRANSFERS,0,1,0
GET,/V2/WALLET/WITHDRAW/METHODS,0,1,0
GET,/V2/WALLET/WITHDRAW/MY,0,1,0
GET,/VENDORS,1,1,1
GET,/VENDORS/ACCOUNT/STATEMENT,1,1,1
GET,/VENDORS/DASHBOARD/OVERVIEW,1,1,1
GET,/VENDORS/ME,1,1,1
GET,/VENDORS/SALES,1,1,1
GET,/VENDORS/SETTLEMENTS,1,1,1
GET,/VENDORS/{PARAM},1,0,1
GET,/WALLET/BALANCE,1,0,1
GET,/WALLET/BILLS,1,0,1
GET,/WALLET/COUPONS/HISTORY,1,0,0
GET,/WALLET/COUPONS/MY,1,0,0
GET,/WALLET/SETTLEMENTS/EXPORT,1,0,0
GET,/WALLET/SUBSCRIPTIONS/MY,1,0,0
GET,/WALLET/TOPUP/HISTORY,1,0,1
GET,/WALLET/TOPUP/METHODS,1,0,1
GET,/WALLET/TRANSACTION/{PARAM},1,0,1
GET,/WALLET/TRANSACTIONS,1,0,1
GET,/WALLET/TRANSFERS,1,0,1
GET,/WALLET/WITHDRAW/METHODS,1,0,1
GET,/WALLET/WITHDRAW/MY,1,0,1
GET,/WINDOW,0,1,0
GET,/{PARAM},1,0,0
PATCH,/ADDRESS/{PARAM},1,0,0
PATCH,/ADMIN/AMANI/{PARAM}/STATUS,1,0,0
PATCH,/ADMIN/ARABON/{PARAM}/STATUS,1,0,0
PATCH,/ADMIN/DATA-DELETION/{PARAM}/APPROVE,1,0,1
PATCH,/ADMIN/DATA-DELETION/{PARAM}/REJECT,1,0,1
PATCH,/ADMIN/DRIVERS/LEAVE-REQUESTS/{PARAM}/APPROVE,1,0,1
PATCH,/ADMIN/DRIVERS/LEAVE-REQUESTS/{PARAM}/REJECT,1,0,1
PATCH,/ADMIN/DRIVERS/{PARAM}/ADJUST-BALANCE,1,0,1
PATCH,/ADMIN/DRIVERS/{PARAM}/LEAVE-BALANCE/ADJUST,1,0,1
PATCH,/ADMIN/ES3AFNI/{PARAM}/STATUS,1,0,0
PATCH,/ADMIN/KAWADER/{PARAM}/STATUS,1,0,0
PATCH,/ADMIN/KENZ/{PARAM}/STATUS,1,0,0
PATCH,/ADMIN/MAAROUF/{PARAM}/STATUS,1,0,0
PATCH,/ADMIN/MARKETERS/{PARAM},1,0,1
PATCH,/ADMIN/PAYMENTS/{PARAM}/STATUS,1,0,0
PATCH,/ADMIN/ROLES/{PARAM},1,0,1
PATCH,/ADMIN/SANAD/{PARAM}/STATUS,1,0,0
PATCH,/ADMIN/SETTINGS,1,0,1
PATCH,/ADMIN/SETTINGS/FEATURE-FLAGS/{PARAM},1,0,1
PATCH,/ADMIN/STORES/PRODUCTS/{PARAM},1,0,1
PATCH,/ADMIN/STORES/{PARAM},1,0,1
PATCH,/ADMIN/WITHDRAWALS/{PARAM}/APPROVE,1,0,1
PATCH,/ADMIN/WITHDRAWALS/{PARAM}/REJECT,1,0,1
PATCH,/AKHDIMNI/ERRANDS/{PARAM}/CANCEL,1,0,1
PATCH,/AKHDIMNI/ERRANDS/{PARAM}/STATUS,1,0,1
PATCH,/AMANI/{PARAM},1,0,0
PATCH,/API/V2/SANAD/{PARAM},1,0,0
PATCH,/ARABON/{PARAM},1,0,0
PATCH,/CONTENT/ADMIN/APP-SETTINGS,1,0,1
PATCH,/CONTENT/ADMIN/FAQS/{PARAM},1,0,1
PATCH,/CONTENT/ADMIN/PAGES/{PARAM},1,0,1
PATCH,/CONTENT/BANNERS/{PARAM},1,0,1
PATCH,/CONTENT/MY-SUBSCRIPTION/CANCEL,1,0,1
PATCH,/CONTENT/SECTIONS/{PARAM},1,0,1
PATCH,/DEFAULT-ADDRESS,1,0,0
PATCH,/DELIVERY/CART/DELIVERY-ADDRESS,1,0,1
PATCH,/DELIVERY/CART/ITEMS/{PARAM},1,0,1
PATCH,/DELIVERY/CART/NOTE,1,0,1
PATCH,/DELIVERY/CART/SHEIN/ITEMS/{PARAM},1,0,1
PATCH,/DELIVERY/CART/SHEIN/NOTE,1,0,1
PATCH,/DELIVERY/CART/SHEIN/SHIPPING,1,0,1
PATCH,/DELIVERY/CART/{PARAM},1,0,1
PATCH,/DELIVERY/ORDER/{PARAM}/ADMIN-STATUS,1,0,1
PATCH,/DRIVERS/AVAILABILITY,1,1,1
PATCH,/DRIVERS/LOCATION,1,1,1
PATCH,/DRIVERS/PROFILE,1,1,1
PATCH,/DRIVERS/VACATIONS/{PARAM}/CANCEL,1,0,1
PATCH,/ER/EMPLOYEES/{PARAM},1,0,1
PATCH,/ER/JOURNAL-ENTRIES/{PARAM}/POST,1,0,1
PATCH,/ER/LEAVE-REQUESTS/{PARAM}/APPROVE,1,0,1
PATCH,/ER/LEAVE-REQUESTS/{PARAM}/REJECT,1,0,1
PATCH,/ER/PAYROLL/{PARAM}/APPROVE,1,0,1
PATCH,/ER/PAYROLL/{PARAM}/MARK-PAID,1,0,1
PATCH,/ES3AFNI/{PARAM},1,0,0
PATCH,/FINANCE/COMMISSION-PLANS/{PARAM},1,0,1
PATCH,/FINANCE/COMMISSIONS/{PARAM}/APPROVE,1,0,1
PATCH,/FINANCE/COMMISSIONS/{PARAM}/CANCEL,1,0,1
PATCH,/FINANCE/COUPONS/{PARAM},1,0,1
PATCH,/FINANCE/PAYOUTS/BATCHES/{PARAM}/APPROVE,1,0,1
PATCH,/FINANCE/PAYOUTS/BATCHES/{PARAM}/COMPLETE,1,0,1
PATCH,/FINANCE/RECONCILIATIONS/{PARAM}/ACTUAL-TOTALS,1,0,1
PATCH,/FINANCE/RECONCILIATIONS/{PARAM}/ISSUES/{PARAM}/RESOLVE,1,0,1
PATCH,/FINANCE/REPORTS/{PARAM}/FINALIZE,1,0,1
PATCH,/FINANCE/SETTLEMENTS/{PARAM}/APPROVE,1,0,1
PATCH,/KAWADER/{PARAM},1,0,0
PATCH,/KENZ/{PARAM},1,0,0
PATCH,/LEGAL/ADMIN/PRIVACY-POLICY/{PARAM}/ACTIVATE,1,0,1
PATCH,/LEGAL/ADMIN/TERMS-OF-SERVICE/{PARAM}/ACTIVATE,1,0,1
PATCH,/MAAROUF/{PARAM},1,0,0
PATCH,/MARKETER/NOTIFICATIONS/{PARAM}/READ,1,0,1
PATCH,/MARKETER/PROFILE,1,0,1
PATCH,/MERCHANTS/ATTRIBUTES/{PARAM},1,0,1
PATCH,/MERCHANTS/CATALOG/PRODUCTS/{PARAM},1,0,1
PATCH,/MERCHANTS/CATEGORIES/{PARAM},1,0,1
PATCH,/MERCHANTS/PRODUCTS/{PARAM},1,0,1
PATCH,/MERCHANTS/PRODUCTS/{PARAM}/STOCK,1,0,1
PATCH,/MERCHANTS/{PARAM},1,0,1
PATCH,/ONBOARDING/{PARAM}/APPROVE,1,0,0
PATCH,/ONBOARDING/{PARAM}/REJECT,1,0,0
PATCH,/ORDERS-CQRS/{PARAM}/STATUS,1,0,1
PATCH,/PROMOTIONS/{PARAM},1,0,1
PATCH,/SHIFTS/{PARAM},1,0,0
PATCH,/SUPPORT/ADMIN/TICKETS/{PARAM}/ASSIGN,1,0,0
PATCH,/SUPPORT/ADMIN/TICKETS/{PARAM}/RESOLVE,1,0,0
PATCH,/SUPPORT/TICKETS/{PARAM}/MESSAGES,1,0,0
PATCH,/SUPPORT/TICKETS/{PARAM}/RATE,1,0,0
PATCH,/USERS/ADDRESS/{PARAM},1,0,1
PATCH,/USERS/ADDRESSES/{PARAM},1,0,1
PATCH,/USERS/DEFAULT-ADDRESS,1,0,1
PATCH,/USERS/ME,1,0,1
PATCH,/USERS/PROFILE,1,0,0
PATCH,/UTILITY/OPTIONS/GAS,1,0,1
PATCH,/UTILITY/OPTIONS/WATER,1,0,1
PATCH,/UTILITY/ORDER/{PARAM}/CANCEL,1,0,1
PATCH,/UTILITY/ORDER/{PARAM}/STATUS,1,0,1
PATCH,/UTILITY/PRICING/{PARAM},1,0,1
PATCH,/VENDORS/ME,1,1,1
PATCH,/VENDORS/{PARAM},1,0,1
PATCH,/VENDORS/{PARAM}/STATUS,1,0,1
PATCH,/WALLET/WITHDRAW/{PARAM}/CANCEL,1,0,1
POST,/ACCOUNTS/CHART,0,1,0
POST,/ADMIN/BACKUP/CREATE,1,0,1
POST,/ADMIN/BACKUP/{PARAM}/RESTORE,1,0,1
POST,/ADMIN/CACHE/CLEAR,1,0,1
POST,/ADMIN/COMMISSION-PLANS,0,1,0
POST,/ADMIN/CREATE,0,1,0
POST,/ADMIN/DRIVERS,0,1,0
POST,/ADMIN/DRIVERS/FINANCE/RUN,0,1,0
POST,/ADMIN/DRIVERS/{PARAM}/ATTENDANCE/ADJUST,1,0,1
POST,/ADMIN/DRIVERS/{PARAM}/BAN,1,0,1
POST,/ADMIN/DRIVERS/{PARAM}/UNBAN,1,0,1
POST,/ADMIN/HOME-LAYOUTS,1,0,1
POST,/ADMIN/MARKETERS,1,0,1
POST,/ADMIN/MARKETERS/{PARAM}/ACTIVATE,1,0,1
POST,/ADMIN/MARKETERS/{PARAM}/DEACTIVATE,1,0,1
POST,/ADMIN/NOTIFICATIONS/CAMPAIGNS,0,1,0
POST,/ADMIN/NOTIFICATIONS/TEMPLATES,0,1,0
POST,/ADMIN/ONBOARDING-SLIDES,1,1,1
POST,/ADMIN/PAGES,0,1,0
POST,/ADMIN/REPORTS/EXPORT/{PARAM}/{PARAM},1,0,1
POST,/ADMIN/REPORTS/GENERATE,1,1,1
POST,/ADMIN/ROLES,1,0,1
POST,/ADMIN/SECURITY/RESET-PASSWORD/{PARAM},1,0,1
POST,/ADMIN/SECURITY/UNLOCK-ACCOUNT/{PARAM},1,0,1
POST,/ADMIN/STORES,1,0,1
POST,/ADMIN/STORES/PRODUCTS,1,0,1
POST,/ADMIN/STORES/PRODUCTS/{PARAM}/VARIANTS,1,0,1
POST,/ADMIN/STORES/{PARAM}/ACTIVATE,1,0,1
POST,/ADMIN/STORES/{PARAM}/APPROVE,1,0,1
POST,/ADMIN/STORES/{PARAM}/DEACTIVATE,1,0,1
POST,/ADMIN/STORES/{PARAM}/FORCE-CLOSE,1,0,1
POST,/ADMIN/STORES/{PARAM}/FORCE-OPEN,1,0,1
POST,/ADMIN/STORES/{PARAM}/REJECT,1,0,1
POST,/ADMIN/STORES/{PARAM}/SUSPEND,1,0,1
POST,/ADMIN/STRINGS,1,0,1
POST,/ADMIN/SUPPORT/TICKETS,0,1,0
POST,/ADMIN/USERS,0,1,0
POST,/ADMIN/USERS/{PARAM}/BAN,1,0,1
POST,/ADMIN/USERS/{PARAM}/UNBAN,1,0,1
POST,/ADMIN/VENDORS,0,1,0
POST,/ADMIN/VENDORS/{PARAM}/APPROVE,1,0,1
POST,/ADMIN/VENDORS/{PARAM}/REJECT,1,0,1
POST,/ADMIN/VENDORS/{PARAM}/SUSPEND,1,0,1
POST,/AKHDIMNI/ADMIN/ERRANDS/{PARAM}/ASSIGN-DRIVER,1,0,1
POST,/AKHDIMNI/ERRANDS,1,1,1
POST,/AKHDIMNI/ERRANDS/CALCULATE-FEE,1,1,1
POST,/AKHDIMNI/ERRANDS/{PARAM}/RATE,1,0,1
POST,/AMANI,1,1,0
POST,/ANALYTICS/ADSPEND,1,0,1
POST,/ANALYTICS/EVENTS/TRACK,1,0,1
POST,/ANALYTICS/ROAS/CALCULATE,1,0,1
POST,/API/LEADS/CAPTAIN,0,1,0
POST,/API/LEADS/MERCHANT,0,1,0
POST,/API/SUPPORT/CONTACT,0,1,0
POST,/API/V2/PAYMENTS/HOLDS,1,1,0
POST,/API/V2/PAYMENTS/HOLDS/{PARAM}/REFUND,1,0,0
POST,/API/V2/PAYMENTS/HOLDS/{PARAM}/RELEASE,1,0,0
POST,/API/V2/SANAD,1,1,0
POST,/ARABON,1,1,0
POST,/AUTH/CONSENT,1,0,1
POST,/AUTH/CONSENT/BULK,1,0,1
POST,/AUTH/DELETE-ACCOUNT/REQUEST,0,1,0
POST,/AUTH/FIREBASE/LOGIN,1,0,1
POST,/AUTH/FORGOT,1,1,1
POST,/AUTH/RESET,1,1,1
POST,/AUTH/RESET/VERIFY,1,1,1
POST,/AUTH/VERIFY-OTP,1,1,1
POST,/CONTENT/ADMIN/FAQS,1,0,1
POST,/CONTENT/ADMIN/PAGES,1,0,1
POST,/CONTENT/BANNERS,1,0,1
POST,/CONTENT/BANNERS/{PARAM}/CLICK,1,0,1
POST,/CONTENT/SECTIONS,1,0,1
POST,/CONTENT/SUBSCRIBE,1,0,1
POST,/CONTENT/SUBSCRIPTION-PLANS,1,0,1
POST,/COUPONS/VALIDATE,0,1,0
POST,/DELIVERY/CART/ADD,1,1,1
POST,/DELIVERY/CART/ITEMS,1,0,1
POST,/DELIVERY/CART/MERGE,1,1,1
POST,/DELIVERY/CART/SHEIN/ITEMS,1,0,1
POST,/DELIVERY/CART/{PARAM}/RETARGET/PUSH,1,0,1
POST,/DELIVERY/CATEGORIES/BULK-REORDER,0,1,0
POST,/DELIVERY/ORDER,1,1,1
POST,/DELIVERY/ORDER/{PARAM}/ASSIGN-DRIVER,1,0,1
POST,/DELIVERY/ORDER/{PARAM}/CANCEL,1,0,1
POST,/DELIVERY/ORDER/{PARAM}/NOTES,1,0,1
POST,/DELIVERY/ORDER/{PARAM}/POD,1,0,1
POST,/DELIVERY/ORDER/{PARAM}/RATE,1,0,1
POST,/DELIVERY/ORDER/{PARAM}/REPEAT,1,0,1
POST,/DELIVERY/ORDER/{PARAM}/RETURN,1,0,1
POST,/DELIVERY/ORDER/{PARAM}/SCHEDULE,1,0,1
POST,/DELIVERY/ORDER/{PARAM}/UPDATE-LOCATION,1,0,1
POST,/DELIVERY/ORDER/{PARAM}/VENDOR-ACCEPT,1,0,1
POST,/DELIVERY/ORDER/{PARAM}/VENDOR-CANCEL,1,0,1
POST,/DRIVER/LOGIN,0,1,0
POST,/DRIVERS,1,0,1
POST,/DRIVERS/CHANGE-PASSWORD,1,1,1
POST,/DRIVERS/DOCUMENTS/UPLOAD,1,1,1
POST,/DRIVERS/ISSUES/REPORT,1,1,1
POST,/DRIVERS/LOCATIONS,0,1,0
POST,/DRIVERS/ORDERS/{PARAM}/ACCEPT,1,0,1
POST,/DRIVERS/ORDERS/{PARAM}/COMPLETE,1,0,1
POST,/DRIVERS/ORDERS/{PARAM}/REJECT,1,0,1
POST,/DRIVERS/ORDERS/{PARAM}/START-DELIVERY,1,0,1
POST,/DRIVERS/VACATIONS/REQUEST,1,1,1
POST,/DRIVERS/WITHDRAWALS/REQUEST,0,1,0
POST,/DRIVERS/{PARAM}/DOCUMENTS/{PARAM}/VERIFY,1,0,1
POST,/ER/ACCOUNTS,1,0,1
POST,/ER/ATTENDANCE/CHECK-IN,1,0,1
POST,/ER/ATTENDANCE/CHECK-OUT,1,0,1
POST,/ER/EMPLOYEES,1,0,1
POST,/ER/JOURNAL-ENTRIES,1,0,1
POST,/ER/LEAVE-REQUESTS,1,0,1
POST,/ER/PAYROLL/GENERATE,1,0,1
POST,/ERRANDS/ORDER,1,1,1
POST,/ES3AFNI,1,1,0
POST,/EVENTS,1,1,0
POST,/FIELD/QUICK-ONBOARD,0,1,0
POST,/FINANCE/COMMISSION-PLANS,1,0,1
POST,/FINANCE/COMMISSIONS,1,0,1
POST,/FINANCE/COMMISSIONS/SETTINGS,0,1,0
POST,/FINANCE/COUPONS,1,0,1
POST,/FINANCE/COUPONS/VALIDATE,1,0,1
POST,/FINANCE/PAYOUTS/BATCHES,1,0,1
POST,/FINANCE/RECONCILIATIONS,1,0,1
POST,/FINANCE/RECONCILIATIONS/{PARAM}/ISSUES,1,0,1
POST,/FINANCE/REPORTS/DAILY,1,0,1
POST,/FINANCE/SETTLEMENTS,1,0,1
POST,/FORGOT,1,0,0
POST,/HOME-LAYOUTS,1,0,0
POST,/JOURNAL-ENTRIES,0,1,0
POST,/KAWADER,1,1,0
POST,/KENZ,1,1,0
POST,/LEGAL/ADMIN/PRIVACY-POLICY,1,0,1
POST,/LEGAL/ADMIN/TERMS-OF-SERVICE,1,0,1
POST,/LEGAL/CONSENT,1,0,1
POST,/MAAROUF,1,1,0
POST,/MARKETER/FILES/UPLOAD,1,0,1
POST,/MARKETER/REFERRALS/GENERATE-CODE,1,1,1
POST,/MARKETING/ADSPEND/UPLOAD,0,1,0
POST,/MEDIA/SIGN-UPLOAD,0,1,0
POST,/MERCHANT,0,1,0
POST,/MERCHANT/ATTRIBUTES,0,1,0
POST,/MERCHANT/CATALOG/PRODUCTS,0,1,0
POST,/MERCHANT/CATEGORIES,0,1,0
POST,/MERCHANT/PRODUCTS,0,1,0
POST,/MERCHANTS,1,0,1
POST,/MERCHANTS/ATTRIBUTES,1,0,1
POST,/MERCHANTS/CATALOG/PRODUCTS,1,0,1
POST,/MERCHANTS/CATEGORIES,1,0,1
POST,/MERCHANTS/PRODUCTS,1,0,1
POST,/NOTIFICATIONS,1,0,1
POST,/NOTIFICATIONS/READ-ALL,1,1,1
POST,/NOTIFICATIONS/REGISTER,0,1,0
POST,/NOTIFICATIONS/SEND-BULK,1,0,1
POST,/NOTIFICATIONS/SUPPRESSION,1,1,1
POST,/NOTIFICATIONS/{PARAM}/READ,1,0,1
POST,/ONBOARDING,1,0,0
POST,/ONBOARDING-SLIDES,1,0,0
POST,/ONBOARDING/QUICK-ONBOARD,1,0,0
POST,/OPENING-BALANCE,0,1,0
POST,/ORDER,1,0,0
POST,/ORDERS-CQRS,1,0,1
POST,/ORDERS-CQRS/{PARAM}/ASSIGN-DRIVER,1,0,1
POST,/ORDERS-CQRS/{PARAM}/CANCEL,1,0,1
POST,/PARTNERS/UPSERT,0,1,0
POST,/PAYMENTS/CONFIRM,0,1,0
POST,/PAYMENTS/CREATE-SESSION,0,1,0
POST,/PRICING-STRATEGIES,0,1,0
POST,/PROMOTIONS,1,1,1
POST,/PROMOTIONS/{PARAM}/CLICK,1,0,1
POST,/PROMOTIONS/{PARAM}/CONVERSION,1,0,1
POST,/REPORTS/EXPORT/{PARAM}/{PARAM},1,0,0
POST,/REPORTS/GENERATE,1,0,0
POST,/RESET,1,0,0
POST,/RESET/VERIFY,1,0,0
POST,/RIDES/SOS,0,1,0
POST,/SEGMENTS/PREVIEW,0,1,0
POST,/SEGMENTS/SYNC,0,1,0
POST,/SHIFTS,1,0,0
POST,/SHIFTS/{PARAM}/ASSIGN/{PARAM},1,0,0
POST,/STRINGS,1,0,0
POST,/SUPPORT/TICKETS,1,1,0
POST,/USERS/ADDRESS,1,0,0
POST,/USERS/ADDRESSES,1,0,1
POST,/USERS/ADDRESSES/{PARAM}/SET-DEFAULT,1,0,1
POST,/USERS/PIN/CHANGE,1,0,1
POST,/USERS/PIN/SET,1,0,1
POST,/USERS/PIN/VERIFY,1,0,1
POST,/UTILITY/CALCULATE-PRICE,1,0,1
POST,/UTILITY/DAILY,1,0,1
POST,/UTILITY/ORDER,1,1,1
POST,/UTILITY/ORDER/{PARAM}/ASSIGN-DRIVER,1,0,1
POST,/UTILITY/ORDER/{PARAM}/RATE,1,0,1
POST,/UTILITY/PRICING,1,0,1
POST,/V2/WALLET/COUPONS/APPLY,1,1,1
POST,/V2/WALLET/COUPONS/VALIDATE,0,1,0
POST,/V2/WALLET/HOLD,0,1,0
POST,/V2/WALLET/PAY-BILL,0,1,0
POST,/V2/WALLET/REFUND,0,1,0
POST,/V2/WALLET/REFUND/REQUEST,0,1,0
POST,/V2/WALLET/RELEASE,0,1,0
POST,/V2/WALLET/SUBSCRIPTIONS/SUBSCRIBE,0,1,0
POST,/V2/WALLET/TOPUP/KURAIMI,0,1,0
POST,/V2/WALLET/TOPUP/VERIFY,0,1,0
POST,/V2/WALLET/TRANSFER,0,1,0
POST,/V2/WALLET/WITHDRAW/REQUEST,0,1,0
POST,/VENDOR,0,1,0
POST,/VENDOR/AUTH/VENDOR-LOGIN,0,1,0
POST,/VENDORS,1,0,1
POST,/VENDORS/ACCOUNT/DELETE-REQUEST,1,1,1
POST,/VENDORS/SETTLEMENTS,1,1,1
POST,/VENDORS/{PARAM}/RESET-PASSWORD,1,0,1
POST,/VERIFY-OTP,1,0,0
POST,/WALLET/COUPONS,0,1,0
POST,/WALLET/COUPONS/APPLY,1,0,0
POST,/WALLET/HOLD,1,0,1
POST,/WALLET/PAY-BILL,1,0,1
POST,/WALLET/REFUND,1,0,1
POST,/WALLET/REFUND/REQUEST,1,0,1
POST,/WALLET/RELEASE,1,0,1
POST,/WALLET/TOPUP/KURAIMI,1,0,1
POST,/WALLET/TOPUP/VERIFY,1,0,1
POST,/WALLET/TRANSACTION,1,0,1
POST,/WALLET/TRANSFER,1,0,1
POST,/WALLET/WITHDRAW/REQUEST,1,0,1
PUT,/ADMIN/HOME-LAYOUTS/{PARAM},1,0,1
PUT,/ADMIN/ONBOARDING-SLIDES/{PARAM},1,0,1
PUT,/ADMIN/PAGES/{PARAM},1,0,1
PUT,/ADMIN/SETTINGS/APPEARANCE,0,1,0
PUT,/ADMIN/STRINGS/{PARAM},1,0,1
PUT,/API/CONTENT/LATEST,0,1,0
PUT,/DELIVERY/STORES/{PARAM},1,0,1
PUT,/HOME-LAYOUTS/{PARAM},1,0,0
PUT,/ONBOARDING-SLIDES/{PARAM},1,0,0
PUT,/PAGES/{PARAM},1,0,0
PUT,/STORES/{PARAM},1,0,0
PUT,/STRINGS/{PARAM},1,0,0
